eventKey,name,isOffWork,type,outcome,startDate,endDate,startTime,endTime
0,Hockey,0,Sport,1,2014-10-08,2014-10-08,22:00:00,
1,Hockey,1,Sport,1,2014-10-11,2014-10-11,22:00:00,
2,Hockey,0,Sport,1,2014-10-17,2014-10-17,21:30:00,
3,Hockey,1,Sport,2,2014-10-18,2014-10-18,22:00:00,
4,Hockey,0,Sport,2,2014-10-21,2014-10-21,20:30:00,
5,Hockey,0,Sport,1,2014-10-23,2014-10-23,20:00:00,
6,Hockey,0,Sport,2,2014-10-24,2014-10-24,21:00:00,
7,Hockey,1,Sport,1,2014-10-26,2014-10-26,21:30:00,
8,Hockey,1,Sport,,2014-10-26,2014-10-26,22:00:00,
9,Hockey,0,Sport,1,2014-10-28,2014-10-28,22:00:00,
10,Hockey,0,Sport,1,2014-10-30,2014-10-30,22:00:00,
11,Hockey,1,Sport,1,2014-11-01,2014-11-01,22:00:00,
12,Hockey,1,Sport,2,2014-11-02,2014-11-02,21:30:00,
13,Hockey,1,Sport,,2014-11-02,2014-11-02,22:00:00,
14,Hockey,0,Sport,1,2014-11-04,2014-11-04,21:00:00,
15,Hockey,0,Sport,1,2014-11-06,2014-11-06,22:30:00,
16,Hockey,1,Sport,2,2014-11-08,2014-11-08,22:00:00,
17,Hockey,1,Sport,1,2014-11-09,2014-11-09,21:00:00,
18,Hockey,0,Sport,1,2014-11-11,2014-11-11,22:00:00,
19,Hockey,0,Sport,2,2014-11-14,2014-11-14,22:00:00,
20,Hockey,0,Sport,1,2014-11-19,2014-11-19,20:00:00,
21,Hockey,0,Sport,2,2014-11-20,2014-11-20,22:00:00,
22,Hockey,1,Sport,1,2014-11-23,2014-11-23,22:00:00,
23,Hockey,0,Sport,1,2014-11-25,2014-11-25,22:00:00,
24,Hockey,0,Sport,1,2014-11-28,2014-11-28,19:00:00,
25,Hockey,1,Sport,2,2014-11-30,2014-11-30,14:00:00,
26,Hockey,0,Sport,1,2014-12-02,2014-12-02,19:00:00,
27,Hockey,0,Sport,1,2014-12-04,2014-12-04,19:00:00,
28,Hockey,1,Sport,2,2014-12-06,2014-12-06,19:00:00,
29,Hockey,1,Sport,2,2014-12-07,2014-12-07,19:00:00,
30,Hockey,0,Sport,2,2014-12-09,2014-12-09,19:30:00,
31,Hockey,1,Sport,2,2014-12-13,2014-12-13,22:00:00,
32,Hockey,0,Sport,2,2014-12-17,2014-12-17,22:00:00,
33,Hockey,1,Sport,1,2014-12-20,2014-12-20,22:00:00,
34,Hockey,0,Sport,1,2014-12-22,2014-12-22,22:00:00,
35,Hockey,1,Sport,2,2014-12-28,2014-12-28,20:00:00,
36,Hockey,0,Sport,1,2014-12-30,2014-12-30,22:00:00,
37,Hockey,1,Sport,2,2015-01-01,2015-01-01,22:00:00,
38,New Year's Day,1,Public Holiday,,2015-01-01,2015-01-01,,
39,New Year's Day,1,Public Holiday,,2015-01-01,2015-01-01,,
40,Hockey,1,Sport,1,2015-01-03,2015-01-03,22:00:00,
41,Hockey,0,Sport,1,2015-01-06,2015-01-06,22:00:00,
42,Hockey,0,Sport,2,2015-01-08,2015-01-08,22:00:00,
43,Hockey,1,Sport,2,2015-01-10,2015-01-10,22:00:00,
44,Hockey,0,Sport,2,2015-01-13,2015-01-13,20:00:00,
45,Hockey,0,Sport,1,2015-01-15,2015-01-15,19:00:00,
46,Hockey,0,Sport,1,2015-01-16,2015-01-16,19:00:00,
47,Hockey,0,Sport,1,2015-01-19,2015-01-19,19:30:00,
48,Martin Luther King Jr. Day,1,Public Holiday,,2015-01-19,2015-01-19,,
49,Hockey,0,Sport,2,2015-01-20,2015-01-20,19:30:00,
50,Eric Church at Pepsi Center,0,Concert,,2015-01-27,2015-01-27,,
51,Hockey,0,Sport,2,2015-01-27,2015-01-27,22:00:00,
52,Hockey,0,Sport,1,2015-01-30,2015-01-30,22:00:00,
53,Hockey,1,Sport,2,2015-02-01,2015-02-01,15:00:00,
54,Hockey,1,Sport,,2015-02-01,2015-02-01,15:30:00,
55,Hockey,0,Sport,1,2015-02-03,2015-02-03,22:00:00,
56,Hockey,0,Sport,2,2015-02-05,2015-02-05,22:00:00,
57,Hockey,1,Sport,1,2015-02-07,2015-02-07,22:00:00,
58,Hockey,1,Sport,2,2015-02-09,2015-02-09,20:00:00,
59,Family Day,1,Public Holiday,,2015-02-09,2015-02-09,,
60,Hockey,0,Sport,1,2015-02-11,2015-02-11,20:00:00,
61,Hockey,0,Sport,1,2015-02-13,2015-02-13,22:00:00,
62,Valentine's Day,1,Public Holiday,,2015-02-14,2015-02-14,,
63,Hockey,1,Sport,2,2015-02-14,2015-02-14,22:00:00,
64,Hockey,0,Sport,1,2015-02-16,2015-02-16,22:00:00,
65,Presidents' Day,1,Public Holiday,,2015-02-16,2015-02-16,,
66,Enrique Iglesias at Pepsi Center,0,Concert,,2015-02-17,2015-02-17,,
67,Hockey,0,Sport,1,2015-02-19,2015-02-19,19:00:00,
68,Hockey,0,Sport,2,2015-02-20,2015-02-20,19:00:00,
69,Hockey,1,Sport,1,2015-02-22,2015-02-22,18:00:00,
70,Hockey,0,Sport,1,2015-02-24,2015-02-24,19:00:00,
71,Hockey,0,Sport,2,2015-02-26,2015-02-26,19:00:00,
72,Hockey,1,Sport,1,2015-03-01,2015-03-01,21:30:00,
73,Hockey,1,Sport,,2015-03-01,2015-03-01,22:00:00,
74,Hockey,0,Sport,2,2015-03-03,2015-03-03,22:00:00,
75,Hockey,0,Sport,2,2015-03-05,2015-03-05,21:00:00,
76,Hockey,1,Sport,1,2015-03-07,2015-03-07,22:00:00,
77,Soccer,1,Sport,2,2015-03-07,2015-03-07,15:00:00,
78,Hockey,0,Sport,1,2015-03-09,2015-03-09,22:00:00,
79,Hockey,0,Sport,2,2015-03-12,2015-03-12,22:00:00,
80,Soccer,1,Sport,1,2015-03-14,2015-03-14,15:00:00,
81,Hockey,1,Sport,1,2015-03-14,2015-03-14,19:00:00,
82,Stevie Wonder at Pepsi Center,0,Concert,,2015-03-17,2015-03-17,,
83,Hockey,1,Sport,1,2015-03-17,2015-03-17,22:00:00,
84,St. Patrick's Day,1,Public Holiday,,2015-03-17,2015-03-17,,
85,Garth Brooks at Pepsi Center,0,Concert,,2015-03-18,2015-03-18,,
86,Hockey,0,Sport,2,2015-03-19,2015-03-19,22:00:00,
87,Garth Brooks at Pepsi Center,0,Concert,,2015-03-20,2015-03-20,,
88,Garth Brooks at Pepsi Center,1,Concert,,2015-03-21,2015-03-21,,
89,Soccer,1,Sport,1,2015-03-21,2015-03-21,16:30:00,
90,Hockey,1,Sport,1,2015-03-21,2015-03-21,16:00:00,
91,Garth Brooks at Pepsi Center,1,Concert,,2015-03-22,2015-03-22,,
92,Hockey,1,Sport,1,2015-03-22,2015-03-22,20:00:00,
93,Garth Brooks at Pepsi Center,0,Concert,,2015-03-24,2015-03-24,,
94,Hockey,0,Sport,1,2015-03-24,2015-03-24,22:00:00,
95,Hockey,0,Sport,2,2015-03-26,2015-03-26,22:00:00,
96,Hockey,1,Sport,2,2015-03-28,2015-03-28,22:00:00,
97,Soccer,1,Sport,1,2015-03-28,2015-03-28,17:00:00,
98,Hockey,0,Sport,1,2015-03-30,2015-03-30,20:00:00,
99,Hockey,0,Sport,1,2015-03-31,2015-03-31,20:00:00,
100,Fleetwood Mac at Pepsi Center,0,Concert,,2015-04-01,2015-04-01,,
101,Hockey,0,Sport,2,2015-04-02,2015-04-02,20:30:00,
102,Good Friday,1,Public Holiday,,2015-04-03,2015-04-03,,
103,Hockey,1,Sport,2,2015-04-04,2015-04-04,15:00:00,
104,Soccer,1,Sport,1,2015-04-04,2015-04-04,19:00:00,
105,Baseball,0,Sport,1,2015-04-06,2015-04-06,,
106,Hockey,0,Sport,1,2015-04-06,2015-04-06,22:00:00,
107,Baseball,0,Sport,1,2015-04-07,2015-04-07,,
108,Baseball,0,Sport,1,2015-04-08,2015-04-08,,
109,Soccer,0,Sport,3,2015-04-08,2015-04-08,19:00:00,
110,Hockey,0,Sport,1,2015-04-09,2015-04-09,22:00:00,
111,Baseball,0,Sport,1,2015-04-10,2015-04-10,,
112,Soccer,1,Sport,2,2015-04-11,2015-04-11,19:30:00,
113,Hockey,1,Sport,1,2015-04-11,2015-04-11,22:00:00,
114,Baseball,1,Sport,2,2015-04-11,2015-04-11,,
115,Baseball,1,Sport,2,2015-04-12,2015-04-12,,
116,Baseball,0,Sport,1,2015-04-13,2015-04-13,,
117,Baseball,0,Sport,1,2015-04-14,2015-04-14,,
118,Baseball,0,Sport,1,2015-04-15,2015-04-15,,
119,Hockey,0,Sport,2,2015-04-15,2015-04-15,22:00:00,
120,Baseball,0,Sport,2,2015-04-17,2015-04-17,,
121,Hockey,0,Sport,1,2015-04-17,2015-04-17,22:00:00,
122,Baseball,1,Sport,2,2015-04-18,2015-04-18,,
123,Soccer,1,Sport,1,2015-04-18,2015-04-18,18:30:00,
124,Baseball,1,Sport,2,2015-04-19,2015-04-19,,
125,Hockey,1,Sport,2,2015-04-19,2015-04-19,22:00:00,
126,Baseball,0,Sport,2,2015-04-20,2015-04-20,,
127,Baseball,0,Sport,2,2015-04-21,2015-04-21,,
128,Hockey,0,Sport,2,2015-04-21,2015-04-21,22:00:00,
129,Baseball,0,Sport,1,2015-04-22,2015-04-22,,
130,Hockey,0,Sport,1,2015-04-23,2015-04-23,22:00:00,
131,Baseball,0,Sport,1,2015-04-23,2015-04-23,,
132,Baseball,0,Sport,1,2015-04-24,2015-04-24,,
133,Hockey,1,Sport,2,2015-04-25,2015-04-25,21:00:00,
134,Soccer,1,Sport,2,2015-04-25,2015-04-25,19:30:00,
135,Baseball,1,Sport,2,2015-04-25,2015-04-25,,
136,Baseball,0,Sport,1,2015-04-27,2015-04-27,,
137,Baseball,0,Sport,2,2015-04-28,2015-04-28,,
138,Baseball,0,Sport,2,2015-04-29,2015-04-29,,
139,Baseball,0,Sport,2,2015-05-01,2015-05-01,,
140,Soccer,1,Sport,3,2015-05-02,2015-05-02,19:30:00,
141,Baseball,1,Sport,2,2015-05-02,2015-05-02,,
142,Baseball,1,Sport,2,2015-05-03,2015-05-03,,
143,Baseball,0,Sport,2,2015-05-06,2015-05-06,,
144,Baseball,0,Sport,2,2015-05-06,2015-05-06,,
145,Baseball,0,Sport,2,2015-05-08,2015-05-08,,
146,Soccer,1,Sport,1,2015-05-09,2015-05-09,16:00:00,
147,Baseball,1,Sport,2,2015-05-10,2015-05-10,,
148,Mother's Day,1,Public Holiday,,2015-05-10,2015-05-10,,
149,Baseball,0,Sport,2,2015-05-12,2015-05-12,,
150,Baseball,0,Sport,2,2015-05-13,2015-05-13,,
151,Baseball,0,Sport,1,2015-05-14,2015-05-14,,
152,Baseball,0,Sport,2,2015-05-15,2015-05-15,,
153,Baseball,1,Sport,1,2015-05-16,2015-05-16,,
154,Soccer,1,Sport,2,2015-05-16,2015-05-16,16:00:00,
155,Baseball,1,Sport,2,2015-05-17,2015-05-17,,
156,Baseball,0,Sport,2,2015-05-18,2015-05-18,,
157,Victoria Day,1,Public Holiday,,2015-05-18,2015-05-18,,
158,Baseball,0,Sport,1,2015-05-19,2015-05-19,,
159,Baseball,0,Sport,2,2015-05-20,2015-05-20,,
160,Baseball,0,Sport,1,2015-05-21,2015-05-21,,
161,MeadowGrass Music Festival,0,Festival,,2015-05-22,2015-05-24,,
162,Baseball,0,Sport,2,2015-05-22,2015-05-22,,
163,Baseball,1,Sport,2,2015-05-23,2015-05-23,,
164,Denver Day of Rock,1,Festival,,2015-05-23,2015-05-23,,
165,Soccer,1,Sport,2,2015-05-23,2015-05-23,18:00:00,
166,Baseball,1,Sport,1,2015-05-23,2015-05-23,,
167,Baseball,1,Sport,1,2015-05-24,2015-05-24,,
168,Memorial Day,1,Public Holiday,,2015-05-25,2015-05-25,,
169,Baseball,1,Sport,1,2015-05-25,2015-05-25,,
170,Baseball,0,Sport,2,2015-05-26,2015-05-26,,
171,Baseball,0,Sport,1,2015-05-27,2015-05-27,,
172,Baseball,0,Sport,1,2015-05-29,2015-05-29,,
173,Baseball,1,Sport,1,2015-05-30,2015-05-30,,
174,Soccer,1,Sport,1,2015-05-30,2015-05-30,15:00:00,
175,Neil Diamond at Pepsi Center,1,Concert,,2015-05-31,2015-05-31,,
176,Baseball,1,Sport,1,2015-05-31,2015-05-31,,
177,Italian Heritage Month,0,Festival,,2015-06-01,2015-06-30,,
178,City of Bhangra Festival 2015,0,Festival,,2015-06-01,2015-06-06,,
179,Baseball,0,Sport,2,2015-06-01,2015-06-01,,
180,Baseball,0,Sport,1,2015-06-02,2015-06-02,,
181,Baseball,0,Sport,2,2015-06-02,2015-06-02,,
182,Soccer,0,Sport,2,2015-06-03,2015-06-03,17:00:00,
183,Baseball,0,Sport,1,2015-06-03,2015-06-03,,
184,Music Waste Festival,0,Festival,,2015-06-04,2015-06-07,,
185,Bard on the Beach Shakespeare Festival,0,Festival,,2015-06-04,2015-09-26,,
186,Pender Harbour Blues Festival,0,Festival,,2015-06-05,2015-06-07,,
187,Surrey Greek Food Festival,0,Festival,,2015-06-05,2015-06-14,,
188,Baseball,0,Sport,2,2015-06-05,2015-06-05,,
189,Celebrate Mount Pleasant,1,Festival,,2015-06-06,2015-06-06,,
190,Soccer,1,Sport,1,2015-06-06,2015-06-06,19:30:00,
191,Hats off Day,1,Festival,,2015-06-06,2015-06-06,,
192,HOWL! Qayqyat Community Festival,1,Festival,,2015-06-06,2015-06-06,,
193,West Vancouver Community Day,1,Festival,,2015-06-06,2015-06-06,,
194,Ladner Bandfest,1,Festival,,2015-06-06,2015-06-07,,
195,Vancouver Mini Maker Faire,1,Festival,,2015-06-06,2015-06-07,,
196,Marpole Community Day,1,Festival,,2015-06-06,2015-06-06,,
197,Pitt Meadows Day 2015,1,Festival,,2015-06-06,2015-06-06,,
198,Baseball,1,Sport,1,2015-06-06,2015-06-06,,
199,Baseball,1,Sport,2,2015-06-07,2015-06-07,,
200,Baseball,0,Sport,1,2015-06-08,2015-06-08,,
201,Baseball,0,Sport,1,2015-06-09,2015-06-09,,
202,Baseball,0,Sport,2,2015-06-10,2015-06-10,,
203,Baseball,0,Sport,2,2015-06-11,2015-06-11,,
204,BC Renaissance Festival,0,Festival,,2015-06-11,2015-06-14,,
205,Summer Jam,0,Festival,,2015-06-12,2015-06-12,,
206,Palisade Bluegrass & Roots,0,Festival,,2015-06-12,2015-06-14,,
207,Snowmass Mammoth Fest,0,Festival,,2015-06-12,2015-06-14,,
208,Baseball,0,Sport,2,2015-06-12,2015-06-12,,
209,Velopalooza,0,Festival,,2015-06-12,2015-06-28,,
210,Pacific Rim Kite Festival,1,Festival,,2015-06-13,2015-06-14,,
211,danceXpo,1,Festival,,2015-06-13,2015-06-14,,
212,Strawberry Festival,1,Festival,,2015-06-13,2015-06-13,,
213,Baseball,1,Sport,2,2015-06-13,2015-06-13,,
214,Sapperton Day Street Festival,1,Festival,,2015-06-14,2015-06-14,,
215,Italian Day on the Drive,1,Festival,,2015-06-14,2015-06-14,,
216,Baseball,1,Sport,1,2015-06-14,2015-06-14,,
217,Romeo Santos at Pepsi Center,1,Concert,,2015-06-14,2015-06-14,,
218,Mission Children's Festival,1,Festival,,2015-06-14,2015-06-14,,
219,Baseball,0,Sport,2,2015-06-15,2015-06-15,,
220,Baseball,0,Sport,2,2015-06-16,2015-06-16,,
221,Baseball,0,Sport,2,2015-06-17,2015-06-17,,
222,TD Vancouver International Jazz Festival,0,Festival,,2015-06-18,2015-07-01,,
223,Festival d'été francophone de Vancouver,0,Festival,,2015-06-18,2015-06-18,,
224,Sonic Bloom,0,Festival,,2015-06-18,2015-06-21,,
225,Telluride Bluegrass Festival,0,Festival,,2015-06-18,2015-06-21,,
226,Baseball,0,Sport,2,2015-06-18,2015-06-18,,
227,Baseball,0,Sport,2,2015-06-19,2015-06-19,,
228,Lucky Lady IV Urban Cultural Festival,0,Festival,,2015-06-19,2015-06-21,,
229,Rio Tinto Alcan Dragon Boat Festival,0,Festival,,2015-06-19,2015-06-21,,
230,Point Grey Fiesta,0,Festival,,2015-06-19,2015-06-21,,
231,Baseball,1,Sport,1,2015-06-20,2015-06-20,,
232,Westword Music Showcase,1,Festival,,2015-06-20,2015-06-20,,
233,Annual Daisy Day Festival,1,Festival,,2015-06-20,2015-06-20,,
234,Gathering Festival Community Celebration,1,Festival,,2015-06-20,2015-06-20,,
235,Scandinavian Midsummer Festival,1,Festival,,2015-06-20,2015-06-21,,
236,Annual Surrey Fest Downtown,1,Festival,,2015-06-20,2015-06-20,,
237,Soccer,1,Sport,1,2015-06-20,2015-06-20,16:00:00,
238,BC Highland Game and Scottish Festival,1,Festival,,2015-06-20,2015-06-20,,
239,Car Free Day Vancouver,1,Festival,,2015-06-20,2015-06-21,,
240,Father's Day,1,Public Holiday,,2015-06-21,2015-06-21,,
241,Baseball,1,Sport,1,2015-06-21,2015-06-21,,
242,Baseball,0,Sport,1,2015-06-23,2015-06-23,,
243,Baseball,0,Sport,2,2015-06-24,2015-06-24,,
244,Make Music Vancouver,0,Festival,,2015-06-24,2015-06-24,,
245,Baseball,0,Sport,1,2015-06-25,2015-06-25,,
246,Jazz Aspen Snowmass,0,Festival,,2015-06-26,2015-07-06,,
247,Greeley Stampede,0,Festival,,2015-06-26,2015-07-04,,
248,Baseball,0,Sport,1,2015-06-26,2015-06-26,,
249,Internation Art Festival,0,Festival,,2015-06-26,2015-06-28,,
250,Vancouver International Busker Festival,0,Festival,,2015-06-26,2015-06-28,,
251,Soccer,1,Sport,1,2015-06-27,2015-06-27,16:30:00,
252,Whalley's Corner Community Festival,1,Festival,,2015-06-27,2015-06-27,,
253,Baseball,1,Sport,2,2015-06-27,2015-06-27,,
254,Annual Surrey Pride Festival,1,Festival,,2015-06-28,2015-06-28,,
255,Greek Day on Broadway,1,Festival,,2015-06-28,2015-06-28,,
256,Baseball,1,Sport,2,2015-06-28,2015-06-28,,
257,Ships to Shore Steveston,0,Festival,,2015-06-29,2015-07-01,,
258,Baseball,0,Sport,2,2015-06-29,2015-06-29,,
259,Baseball,0,Sport,1,2015-06-30,2015-06-30,,
260,Canada Day,1,Public Holiday,,2015-07-01,2015-07-01,,
261,Steveston Salmon Festival,1,Festival,,2015-07-01,2015-07-01,,
262,Baseball,0,Sport,2,2015-07-01,2015-07-01,,
263,Baseball,0,Sport,2,2015-07-02,2015-07-02,,
264,Annual Dancing on the Edge Festival,0,Festival,,2015-07-02,2015-07-11,,
265,Greek Summer Festival,0,Festival,,2015-07-02,2015-07-12,,
266,Baseball,1,Sport,2,2015-07-03,2015-07-03,,
267,Independence Day observed,1,Public Holiday,,2015-07-03,2015-07-03,,
268,East Van Summer Jam,1,Festival,,2015-07-04,2015-07-04,,
269,Soccer,1,Sport,2,2015-07-04,2015-07-04,18:00:00,
270,Baseball,1,Sport,2,2015-07-04,2015-07-04,,
271,Independence Day,1,Public Holiday,,2015-07-04,2015-07-04,,
272,Baseball,1,Sport,1,2015-07-05,2015-07-05,,
273,Baseball,0,Sport,2,2015-07-07,2015-07-07,,
274,Baseball,0,Sport,2,2015-07-08,2015-07-08,,
275,Burn in the Forest,0,Festival,,2015-07-09,2015-09-12,,
276,Baseball,0,Sport,1,2015-07-09,2015-07-09,,
277,Indian Summer Festival,0,Festival,,2015-07-09,2015-07-18,,
278,Baseball,0,Sport,1,2015-07-10,2015-07-10,,
279,Whistler Children's Art Festival,0,Festival,,2015-07-10,2015-07-12,,
280,Bluebird District Music Festival,0,Festival,,2015-07-10,2015-07-12,,
281,Ride Festival,1,Festival,,2015-07-11,2015-07-12,,
282,Harrison Festival of the Arts,1,Festival,,2015-07-11,2015-07-19,,
283,Khatsahlano,1,Festival,,2015-07-11,2015-07-11,,
284,Journey,1,Concert,,2015-07-11,2015-07-11,19:30:00,22:30:00
285,Rush at Pepsi Center,1,Concert,,2015-07-11,2015-07-11,,
286,Baseball,1,Sport,1,2015-07-11,2015-07-11,,
287,Baseball,1,Sport,1,2015-07-12,2015-07-12,,
288,Soccer,1,Sport,2,2015-07-12,2015-07-12,18:00:00,
289,Pemberton Music Festival,0,Festival,,2015-07-16,2015-07-19,,
290,RUSH: R40 Live Tour,0,Concert,,2015-07-17,2015-07-17,20:00:00,23:00:00
291,Cheyenne Frontier Days,0,Festival,,2015-07-17,2015-07-25,,
292,Baseball,0,Sport,2,2015-07-17,2015-07-17,,
293,Global Dance Festival,0,Festival,,2015-07-17,2015-07-19,,
294,Annual Vancouver Folk Music Festival,0,Festival,,2015-07-17,2015-07-19,,
295,Soccer,1,Sport,3,2015-07-18,2015-07-18,19:30:00,
296,Surrey Fusion Festival,1,Festival,,2015-07-18,2015-07-19,,
297,Baseball,1,Sport,2,2015-07-18,2015-07-18,,
298,Baseball,0,Sport,1,2015-07-20,2015-07-20,,
299,Baseball,0,Sport,2,2015-07-21,2015-07-21,,
300,Baseball,0,Sport,2,2015-07-22,2015-07-22,,
301,Underground Music Showcase,0,Festival,,2015-07-23,2015-07-26,,
302,RockyGrass,0,Festival,,2015-07-24,2015-07-26,,
303,Baseball,0,Sport,1,2015-07-24,2015-07-24,,
304,Annual Mission Folk Music Festival,0,Festival,,2015-07-24,2015-07-26,,
305,Baseball,1,Sport,2,2015-07-25,2015-07-25,,
306,Boundrary Bay Air Show,1,Festival,,2015-07-25,2015-07-25,,
307,Caribbean Days Festival,1,Festival,,2015-07-25,2015-07-26,,
308,Honda Celebration of Light,1,Festival,,2015-07-25,2015-08-01,,
309,Maple Ridge-Pitt Meadows Country Fest,1,Festival,,2015-07-25,2015-07-26,,
310,5 Seconds of Summer: Rock Out With Your Socks Out Tour,1,Concert,,2015-07-25,2015-07-25,19:30:00,22:30:00
311,Baseball,1,Sport,1,2015-07-26,2015-07-26,,
312,Soccer,1,Sport,1,2015-07-26,2015-07-26,16:00:00,
313,12th Street Music Festival,1,Festival,,2015-07-26,2015-07-26,,
314,Imagine Dragons at Pepsi Center,0,Concert,,2015-07-27,2015-07-27,,
315,Baseball,0,Sport,2,2015-07-27,2015-07-27,,
316,Earth Wind and Fire at Pepsi Center,0,Concert,,2015-07-28,2015-07-28,,
317,Baseball,0,Sport,1,2015-07-28,2015-07-28,,
318,Baseball,0,Sport,2,2015-07-29,2015-07-29,,
319,Wanderlust Festival,0,Festival,,2015-07-30,2015-08-03,,
320,Imagine Dragons: Smoke + Mirrors Tour,0,Concert,,2015-07-30,2015-07-30,19:30:00,22:30:00
321,Baseball,0,Sport,2,2015-07-30,2015-07-30,,
322,Telluride Jazz Festival,0,Festival,,2015-07-31,2015-08-02,,
323,Annual Harmony Arts Festival,0,Festival,,2015-07-31,2015-08-09,,
324,Baseball,0,Sport,2,2015-07-31,2015-07-31,,
325,Motley Crue at Pepsi Center,0,Concert,,2015-07-31,2015-07-31,,
326,Soccer,1,Sport,1,2015-08-01,2015-08-01,19:00:00,
327,Praise Fest,1,Festival,,2015-08-01,2015-08-01,,
328,Annual Maple Ridge Caribbean Festival,1,Festival,,2015-08-01,2015-08-02,,
329,Baseball,1,Sport,1,2015-08-01,2015-08-01,,
330,The Buttons at Pepsi Center,1,Concert,,2015-08-02,2015-08-02,,
331,Annual Vancouver Pride Parade,1,Festival,,2015-08-02,2015-08-02,,
332,Baseball,1,Sport,2,2015-08-02,2015-08-02,,
333,Vans Warped Tour,1,Festival,,2015-08-02,2015-08-02,,
334,Baseball,0,Sport,2,2015-08-03,2015-08-03,,
335,Civic Holiday,1,Public Holiday,,2015-08-03,2015-08-03,,
336,Baseball,0,Sport,2,2015-08-04,2015-08-04,,
337,Baseball,0,Sport,1,2015-08-05,2015-08-05,,
338,Soccer,0,Sport,3,2015-08-05,2015-08-05,19:00:00,
339,Kelly Clarkson at Pepsi Center,0,Concert,,2015-08-06,2015-08-06,,
340,ARISE Music Festival,0,Festival,,2015-08-07,2015-08-09,,
341,Baseball,0,Sport,1,2015-08-07,2015-08-07,,
342,Squamish Valley Music Festival,0,Festival,,2015-08-07,2015-08-09,,
343,Abbotsford Airshow,0,Festival,,2015-08-07,2015-08-09,,
344,Soccer,1,Sport,1,2015-08-08,2015-08-08,19:00:00,
345,Baseball,1,Sport,2,2015-08-08,2015-08-08,,
346,Burnaby Blues and Roots Festival,1,Festival,,2015-08-08,2015-08-08,,
347,Richmond Maritime Festival,1,Festival,,2015-08-08,2015-08-09,,
348,Baseball,1,Sport,1,2015-08-09,2015-08-09,,
349,Baseball,0,Sport,2,2015-08-10,2015-08-10,,
350,Baseball,0,Sport,2,2015-08-11,2015-08-11,,
351,Nicki Minaj at Pepsi Center,0,Concert,,2015-08-11,2015-08-11,,
352,Baseball,0,Sport,2,2015-08-12,2015-08-12,,
353,Soccer,0,Sport,3,2015-08-12,2015-08-12,16:30:00,
354,Baseball,0,Sport,2,2015-08-13,2015-08-13,,
355,Annual Vancouver Queer Film Festival,0,Festival,,2015-08-13,2015-08-23,,
356,Rocky Mountain Folks Festival,0,Festival,,2015-08-14,2015-08-16,,
357,Shania Twain at Pepsi Center,0,Concert,,2015-08-14,2015-08-14,,
358,Baseball,0,Sport,2,2015-08-14,2015-08-14,,
359,Bohemian Nights,0,Festival,,2015-08-14,2015-08-16,,
360,Baseball,1,Sport,2,2015-08-15,2015-08-15,,
361,Soccer,1,Sport,2,2015-08-15,2015-08-15,18:00:00,
362,Baseball,1,Sport,1,2015-08-16,2015-08-16,,
363,Latin Summer Fest,1,Festival,,2015-08-16,2015-08-16,,
364,Nicki Minaj - The Pinkprint Tour,1,Concert,,2015-08-16,2015-08-16,19:00:00,22:00:00
365,Annual Downtown Car Show,1,Festival,,2015-08-16,2015-08-16,,
366,Baseball,0,Sport,2,2015-08-18,2015-08-18,,
367,Baseball,0,Sport,2,2015-08-19,2015-08-19,,
368,Baseball,0,Sport,1,2015-08-20,2015-08-20,,
369,Gentlemen of the Road Stopover,0,Festival,,2015-08-21,2015-08-22,,
370,Higher Ground Music Festival,0,Festival,,2015-08-21,2015-08-22,,
371,Baseball,0,Sport,2,2015-08-21,2015-08-21,,
372,Jon Bon Jovi & The Kings of Suburbia,1,Concert,,2015-08-22,2015-08-22,20:00:00,23:00:00
373,Annual Garlic Festival,1,Festival,,2015-08-22,2015-08-22,,
374,Columbia StrEAT Food Truck Festival,1,Festival,,2015-08-22,2015-08-22,,
375,Steveston Dragon Boat Festival,1,Festival,,2015-08-22,2015-08-22,,
376,The Fair at the PNE,1,Festival,,2015-08-22,2015-09-07,,
377,Baseball,1,Sport,2,2015-08-22,2015-08-22,,
378,Soccer,1,Sport,1,2015-08-22,2015-08-22,19:00:00,
379,Baseball,1,Sport,2,2015-08-23,2015-08-23,,
380,Langley International Festival,1,Festival,,2015-08-23,2015-08-24,,
381,Baseball,0,Sport,2,2015-08-24,2015-08-24,,
382,SLIPKNOT: Summer's Last Stand Tour,0,Concert,,2015-08-24,2015-08-24,18:00:00,21:00:00
383,Baseball,0,Sport,1,2015-08-25,2015-08-25,,
384,Baseball,0,Sport,1,2015-08-26,2015-08-26,,
385,Soccer,0,Sport,1,2015-08-26,2015-08-26,19:00:00,
386,Annual Wooden Boat Festival,0,Festival,,2015-08-27,2015-08-30,,
387,Colorado State Fair,0,Festival,,2015-08-28,2015-09-07,,
388,Baseball,0,Sport,2,2015-08-28,2015-08-28,,
389,Riot Fest,0,Festival,,2015-08-28,2015-08-30,,
390,Soccer,1,Sport,2,2015-08-29,2015-08-29,18:00:00,
391,Baseball,1,Sport,2,2015-08-29,2015-08-29,,
392,Baseball,1,Sport,1,2015-08-30,2015-08-30,,
393,Baseball,0,Sport,1,2015-08-31,2015-08-31,,
394,Baseball,0,Sport,2,2015-09-01,2015-09-01,,
395,Baseball,0,Sport,2,2015-09-01,2015-09-01,,
396,Dave Matthews Band,0,Concert,,2015-09-01,2015-09-01,19:00:00,22:00:00
397,Baseball,0,Sport,1,2015-09-02,2015-09-02,,
398,Baseball,0,Sport,1,2015-09-03,2015-09-03,,
399,Baseball,0,Sport,1,2015-09-04,2015-09-04,,
400,Jazz Aspen Snowmass,0,Festival,,2015-09-04,2015-09-06,,
401,Taylor Swift at Pepsi Center,1,Concert,,2015-09-05,2015-09-05,,
402,Baseball,1,Sport,2,2015-09-05,2015-09-05,,
403,Taylor Swift at Pepsi Center,1,Concert,,2015-09-06,2015-09-06,,
404,Baseball,1,Sport,2,2015-09-06,2015-09-06,,
405,Labour Day,1,Public Holiday,,2015-09-07,2015-09-07,,
406,Labor Day,1,Public Holiday,,2015-09-07,2015-09-07,,
407,Baseball,1,Sport,1,2015-09-07,2015-09-07,,
408,Baseball,0,Sport,2,2015-09-08,2015-09-08,,
409,Baseball,0,Sport,2,2015-09-09,2015-09-09,,
410,Soccer,0,Sport,1,2015-09-09,2015-09-09,19:00:00,
411,Baseball,0,Sport,1,2015-09-10,2015-09-10,,
412,Kevin Hart: What Now? Tour,0,Concert,,2015-09-10,2015-09-10,19:00:00,22:00:00
413,Baseball,0,Sport,1,2015-09-11,2015-09-11,,
414,Foo Fighters: World Tour,0,Concert,,2015-09-11,2015-09-11,19:00:00,22:00:00
415,Baseball,1,Sport,2,2015-09-12,2015-09-12,,
416,Kid Ink at Pepsi Center,1,Concert,,2015-09-13,2015-09-13,,
417,Football,1,Sport,1,2015-09-13,2015-09-13,16:25:00,
418,Baseball,1,Sport,1,2015-09-13,2015-09-13,,
419,Baseball,0,Sport,2,2015-09-14,2015-09-14,,
420,Baseball,0,Sport,1,2015-09-15,2015-09-15,,
421,Baseball,0,Sport,2,2015-09-16,2015-09-16,,
422,Soccer,0,Sport,1,2015-09-16,2015-09-16,19:00:00,
423,Football,0,Sport,1,2015-09-17,2015-09-17,20:29:00,
424,Baseball,0,Sport,1,2015-09-18,2015-09-18,,
425,Telluride Blues & Brews,0,Festival,,2015-09-18,2015-09-20,,
426,Soccer,1,Sport,2,2015-09-19,2015-09-19,16:00:00,
427,Baseball,1,Sport,1,2015-09-19,2015-09-19,,
428,Baseball,1,Sport,2,2015-09-20,2015-09-20,,
429,Hockey,0,Sport,1,2015-09-21,2015-09-21,22:30:00,
430,Baseball,0,Sport,2,2015-09-21,2015-09-21,,
431,Hockey,0,Sport,2,2015-09-22,2015-09-22,22:00:00,
432,Baseball,0,Sport,2,2015-09-22,2015-09-22,,
433,Soccer,0,Sport,2,2015-09-23,2015-09-23,19:00:00,
434,Baseball,0,Sport,2,2015-09-23,2015-09-23,,
435,Baseball,0,Sport,2,2015-09-24,2015-09-24,,
436,Hockey,0,Sport,2,2015-09-25,2015-09-25,21:00:00,
437,Baseball,0,Sport,1,2015-09-25,2015-09-25,,
438,Soccer,1,Sport,2,2015-09-26,2015-09-26,19:00:00,
439,Hockey,1,Sport,2,2015-09-26,2015-09-26,22:00:00,
440,Baseball,1,Sport,1,2015-09-26,2015-09-26,,
441,Def Leppard at Pepsi Center,1,Concert,,2015-09-26,2015-09-26,,
442,Football,1,Sport,1,2015-09-27,2015-09-27,20:30:00,
443,Baseball,1,Sport,1,2015-09-27,2015-09-27,,
444,Hockey,0,Sport,1,2015-09-28,2015-09-28,22:00:00,
445,Hockey,0,Sport,2,2015-09-29,2015-09-29,22:30:00,
446,Baseball,0,Sport,2,2015-09-29,2015-09-29,,
447,Baseball,0,Sport,2,2015-09-30,2015-09-30,,
448,Hockey,0,Sport,1,2015-10-01,2015-10-01,21:00:00,
449,Baseball,0,Sport,2,2015-10-01,2015-10-01,,
450,Baseball,0,Sport,1,2015-10-02,2015-10-02,,
451,Jason Aldean: Burn It Down Tour,0,Concert,,2015-10-02,2015-10-02,19:30:00,22:30:00
452,Baseball,1,Sport,2,2015-10-03,2015-10-03,,
453,Soccer,1,Sport,3,2015-10-03,2015-10-03,19:30:00,
454,Hockey,1,Sport,1,2015-10-03,2015-10-03,22:00:00,
455,Football,1,Sport,1,2015-10-04,2015-10-04,16:25:00,
456,Baseball,1,Sport,1,2015-10-04,2015-10-04,,
457,Neil Young + Promise of the Real,0,Concert,,2015-10-05,2015-10-05,19:30:00,22:30:00
458,Hockey,0,Sport,1,2015-10-07,2015-10-07,22:00:00,
459,Soccer,0,Sport,3,2015-10-07,2015-10-07,19:00:00,
460,Hockey,1,Sport,2,2015-10-10,2015-10-10,22:00:00,
461,Football,1,Sport,1,2015-10-11,2015-10-11,16:25:00,
462,Thanksgiving,1,Public Holiday,,2015-10-12,2015-10-12,,
463,Hockey,1,Sport,1,2015-10-12,2015-10-12,22:00:00,
464,Columbus Day,1,Public Holiday,,2015-10-12,2015-10-12,,
465,Hockey,0,Sport,1,2015-10-13,2015-10-13,22:30:00,
466,Soccer,0,Sport,2,2015-10-14,2015-10-14,18:00:00,
467,Madonna: Rebel Heart Tour,0,Concert,,2015-10-14,2015-10-14,20:00:00,23:00:00
468,Hockey,0,Sport,2,2015-10-16,2015-10-16,22:00:00,
469,Kelly Clarkson: Cancelled,1,Concert,,2015-10-17,2015-10-17,19:00:00,22:00:00
470,Football,1,Sport,1,2015-10-18,2015-10-18,13:02:00,
471,Hockey,1,Sport,2,2015-10-18,2015-10-18,21:00:00,
472,Soccer,0,Sport,2,2015-10-22,2015-10-22,19:00:00,
473,Hockey,0,Sport,2,2015-10-22,2015-10-22,22:00:00,
474,Hockey,1,Sport,2,2015-10-24,2015-10-24,22:00:00,
475,Janet Jackson at Pepsi Center,1,Concert,,2015-10-25,2015-10-25,,
476,Florence + The Machine with Special Guest The Ghost of a Saber Tooth Tiger,1,Concert,,2015-10-25,2015-10-25,20:00:00,23:00:00
477,Soccer,1,Sport,1,2015-10-25,2015-10-25,16:00:00,
478,Hockey,0,Sport,1,2015-10-27,2015-10-27,22:00:00,
479,Hockey,0,Sport,2,2015-10-29,2015-10-29,20:30:00,
480,Hockey,0,Sport,1,2015-10-30,2015-10-30,22:00:00,
481,Halloween,1,Public Holiday,,2015-10-31,2015-10-31,,
482,Soccer,1,Sport,3,2015-11-01,2015-11-01,14:00:00,
483,Football,1,Sport,1,2015-11-01,2015-11-01,20:30:00,
484,Hockey,0,Sport,1,2015-11-02,2015-11-02,22:00:00,
485,Hockey,0,Sport,2,2015-11-04,2015-11-04,22:00:00,
486,Hockey,1,Sport,2,2015-11-07,2015-11-07,13:00:00,
487,Juan Gabriel at Pepsi Center,1,Concert,,2015-11-08,2015-11-08,,
488,Soccer,1,Sport,2,2015-11-08,2015-11-08,19:00:00,
489,Hockey,1,Sport,2,2015-11-08,2015-11-08,17:00:00,
490,Football,1,Sport,2,2015-11-08,2015-11-08,16:25:00,
491,Hockey,0,Sport,1,2015-11-10,2015-11-10,19:00:00,
492,A$AP Rocky and Tyler The Creator,0,Concert,,2015-11-10,2015-11-10,19:00:00,22:00:00
493,Remembrance Day,1,Public Holiday,,2015-11-11,2015-11-11,,
494,Veterans Day,1,Public Holiday,,2015-11-11,2015-11-11,,
495,Hockey,0,Sport,2,2015-11-12,2015-11-12,19:30:00,
496,Hockey,1,Sport,2,2015-11-14,2015-11-14,19:00:00,
497,Football,1,Sport,2,2015-11-15,2015-11-15,16:30:00,
498,Hockey,0,Sport,2,2015-11-16,2015-11-16,19:30:00,
499,Hockey,0,Sport,2,2015-11-18,2015-11-18,19:30:00,
500,Hockey,1,Sport,1,2015-11-21,2015-11-21,22:00:00,
501,Football,1,Sport,1,2015-11-22,2015-11-22,13:02:00,
502,Hockey,1,Sport,2,2015-11-22,2015-11-22,22:00:00,
503,Hockey,0,Sport,1,2015-11-25,2015-11-25,19:00:00,
504,Thanksgiving Day,1,Public Holiday,,2015-11-26,2015-11-26,,
505,Hockey,0,Sport,2,2015-11-27,2015-11-27,20:30:00,
506,Football,1,Sport,1,2015-11-29,2015-11-29,20:30:00,
507,Hockey,0,Sport,2,2015-11-30,2015-11-30,22:00:00,
508,Hockey,0,Sport,2,2015-12-01,2015-12-01,22:30:00,
509,The Weeknd: The Madness Fall Tour,0,Concert,,2015-12-02,2015-12-02,19:30:00,22:30:00
510,Hockey,0,Sport,2,2015-12-03,2015-12-03,22:00:00,
511,Hockey,1,Sport,2,2015-12-05,2015-12-05,22:00:00,
512,Football,1,Sport,1,2015-12-06,2015-12-06,16:05:00,
513,Hockey,0,Sport,1,2015-12-07,2015-12-07,22:00:00,
514,Hockey,0,Sport,1,2015-12-09,2015-12-09,22:00:00,
515,MUSE: Drones World Tour,0,Concert,,2015-12-10,2015-12-10,19:30:00,23:00:00
516,Football,1,Sport,2,2015-12-13,2015-12-13,16:05:00,
517,Hockey,1,Sport,2,2015-12-13,2015-12-13,19:00:00,
518,Eason Chan: Another Eason's Life,1,Concert,,2015-12-13,2015-12-13,20:00:00,23:00:00
519,Hockey,0,Sport,2,2015-12-15,2015-12-15,20:00:00,
520,Hockey,0,Sport,2,2015-12-17,2015-12-17,19:00:00,
521,Hockey,0,Sport,1,2015-12-18,2015-12-18,19:30:00,
522,Hockey,1,Sport,2,2015-12-20,2015-12-20,16:00:00,
523,Football,1,Sport,2,2015-12-20,2015-12-20,16:25:00,
524,Hockey,0,Sport,1,2015-12-22,2015-12-22,19:30:00,
525,Christmas Day,1,Public Holiday,,2015-12-25,2015-12-25,,
526,Christmas Day,1,Public Holiday,,2015-12-25,2015-12-25,,
527,Hockey,1,Sport,1,2015-12-26,2015-12-26,22:00:00,
528,Boxing Day,1,Public Holiday,,2015-12-26,2015-12-26,,
529,Football,0,Sport,1,2015-12-28,2015-12-28,20:30:00,
530,Hockey,0,Sport,2,2015-12-28,2015-12-28,22:00:00,
531,Hockey,1,Sport,1,2016-01-01,2016-01-01,22:00:00,
532,New Year's Day,1,Public Holiday,,2016-01-01,2016-01-01,,
533,New Year's Day,1,Public Holiday,,2016-01-01,2016-01-01,,
534,Football,1,Sport,1,2016-01-03,2016-01-03,16:25:00,
535,Hockey,0,Sport,2,2016-01-04,2016-01-04,22:00:00,
536,Hockey,0,Sport,1,2016-01-06,2016-01-06,22:00:00,
537,Janet Jackson at Pepsi Center,1,Concert,,2016-01-09,2016-01-09,,
538,Hockey,1,Sport,2,2016-01-09,2016-01-09,22:00:00,
539,Hockey,0,Sport,1,2016-01-11,2016-01-11,22:00:00,
540,Hockey,0,Sport,2,2016-01-14,2016-01-14,19:00:00,
541,Hockey,0,Sport,1,2016-01-15,2016-01-15,19:00:00,
542,Football,1,Sport,1,2016-01-17,2016-01-17,16:40:00,
543,Hockey,1,Sport,1,2016-01-17,2016-01-17,16:00:00,
544,Martin Luther King Jr. Day,1,Public Holiday,,2016-01-18,2016-01-18,,
545,Hockey,0,Sport,2,2016-01-19,2016-01-19,19:00:00,
546,Hockey,0,Sport,1,2016-01-21,2016-01-21,19:00:00,
547,Hockey,1,Sport,2,2016-01-23,2016-01-23,12:30:00,
548,Football,1,Sport,1,2016-01-24,2016-01-24,15:05:00,
549,Hockey,0,Sport,2,2016-01-26,2016-01-26,22:00:00,
550,Soccer,0,Sport,1,2016-02-03,2016-02-03,16:00:00,
551,Hockey,0,Sport,2,2016-02-04,2016-02-04,22:00:00,
552,Hockey,1,Sport,2,2016-02-06,2016-02-06,22:00:00,
553,Soccer,1,Sport,1,2016-02-06,2016-02-06,15:30:00,
554,Football,1,Sport,1,2016-02-07,2016-02-07,18:39:00,
555,AC/DC at Pepsi Center,0,Concert,,2016-02-08,2016-02-08,,
556,Family Day,1,Public Holiday,,2016-02-08,2016-02-08,,
557,Soccer,0,Sport,1,2016-02-09,2016-02-09,17:00:00,
558,Hockey,0,Sport,1,2016-02-09,2016-02-09,21:00:00,
559,Hockey,0,Sport,1,2016-02-10,2016-02-10,21:30:00,
560,Hockey,1,Sport,2,2016-02-13,2016-02-13,19:00:00,
561,Valentine's Day,1,Public Holiday,,2016-02-14,2016-02-14,,
562,Brad Paisley: Crushin' It World Tour,1,Concert,,2016-02-14,2016-02-14,19:30:00,23:00:00
563,Hockey,0,Sport,2,2016-02-15,2016-02-15,22:00:00,
564,Presidents' Day,1,Public Holiday,,2016-02-15,2016-02-15,,
565,Black Sabbath at Pepsi Center,1,Concert,,2016-02-15,2016-02-15,,
566,Hockey,0,Sport,2,2016-02-18,2016-02-18,22:00:00,
567,Hockey,0,Sport,2,2016-02-19,2016-02-19,21:00:00,
568,Hockey,1,Sport,1,2016-02-21,2016-02-21,22:00:00,
569,Soccer,1,Sport,2,2016-02-21,2016-02-21,14:30:00,
570,Soccer,0,Sport,1,2016-02-24,2016-02-24,19:30:00,
571,Hockey,0,Sport,1,2016-02-25,2016-02-25,22:00:00,
572,Soccer,1,Sport,1,2016-02-27,2016-02-27,14:30:00,
573,Hockey,1,Sport,2,2016-02-28,2016-02-28,19:00:00,
574,Leap Day,1,Public Holiday,,2016-02-29,2016-02-29,,
575,Hockey,0,Sport,2,2016-03-01,2016-03-01,22:00:00,
576,Hockey,0,Sport,2,2016-03-03,2016-03-03,22:00:00,
577,Hockey,1,Sport,1,2016-03-05,2016-03-05,22:00:00,
578,Soccer,1,Sport,2,2016-03-06,2016-03-06,14:30:00,
579,Black Sabbath: Rescheduled,0,Concert,,2016-03-07,2016-03-07,19:30:00,22:30:00
580,Hockey,0,Sport,2,2016-03-07,2016-03-07,22:30:00,
581,Hockey,0,Sport,1,2016-03-09,2016-03-09,22:00:00,
582,Justin Bieber: Purpose World Tour,0,Concert,,2016-03-11,2016-03-11,19:30:00,22:00:00
583,Hockey,1,Sport,1,2016-03-12,2016-03-12,22:00:00,
584,Soccer,1,Sport,2,2016-03-12,2016-03-12,17:30:00,
585,Hockey,0,Sport,2,2016-03-14,2016-03-14,22:00:00,
586,Hockey,0,Sport,2,2016-03-16,2016-03-16,22:00:00,
587,St. Patrick's Day,1,Public Holiday,,2016-03-17,2016-03-17,,
588,Hockey,0,Sport,2,2016-03-18,2016-03-18,21:00:00,
589,Hockey,1,Sport,2,2016-03-19,2016-03-19,22:00:00,
590,Soccer,1,Sport,1,2016-03-19,2016-03-19,19:00:00,
591,Hockey,0,Sport,2,2016-03-22,2016-03-22,20:00:00,
592,Hockey,0,Sport,2,2016-03-24,2016-03-24,20:00:00,
593,Hockey,1,Sport,2,2016-03-25,2016-03-25,20:00:00,
594,Good Friday,1,Public Holiday,,2016-03-25,2016-03-25,,
595,Soccer,1,Sport,1,2016-03-26,2016-03-26,19:00:00,
596,Hockey,1,Sport,2,2016-03-27,2016-03-27,20:00:00,
597,Easter Monday,1,Public Holiday,,2016-03-28,2016-03-28,,
598,Hockey,0,Sport,2,2016-03-29,2016-03-29,22:00:00,
599,Carrie Underwood at Pepsi Center,0,Concert,,2016-03-30,2016-03-30,,
600,Bruce Springsteen at Pepsi Center,0,Concert,,2016-03-31,2016-03-31,,
601,Hockey,0,Sport,1,2016-03-31,2016-03-31,22:30:00,
602,Hockey,0,Sport,1,2016-04-01,2016-04-01,22:00:00,
603,Ellie Goulding: Delirium World Tour,0,Concert,,2016-04-01,2016-04-01,19:00:00,23:00:00
604,Baseball,0,Sport,1,2016-04-04,2016-04-04,,
605,Justin Bieber at Pepsi Center,0,Concert,,2016-04-04,2016-04-04,,
606,Hockey,0,Sport,1,2016-04-04,2016-04-04,22:00:00,
607,Baseball,0,Sport,2,2016-04-05,2016-04-05,,
608,Baseball,0,Sport,1,2016-04-06,2016-04-06,,
609,Hockey,0,Sport,2,2016-04-06,2016-04-06,19:00:00,
610,Hockey,0,Sport,2,2016-04-07,2016-04-07,21:00:00,
611,Baseball,0,Sport,2,2016-04-08,2016-04-08,,
612,Baseball,1,Sport,2,2016-04-09,2016-04-09,,
613,Soccer,1,Sport,2,2016-04-09,2016-04-09,14:30:00,
614,Hockey,1,Sport,1,2016-04-09,2016-04-09,22:00:00,
615,Iron Maiden with Special Guest The Raven Age,1,Concert,,2016-04-10,2016-04-10,19:40:00,23:00:00
616,Baseball,1,Sport,1,2016-04-10,2016-04-10,,
617,Baseball,0,Sport,2,2016-04-12,2016-04-12,,
618,Iron Maiden at Pepsi Center,0,Concert,,2016-04-13,2016-04-13,,
619,Baseball,0,Sport,1,2016-04-13,2016-04-13,,
620,Baseball,0,Sport,1,2016-04-14,2016-04-14,,
621,Baseball,0,Sport,1,2016-04-15,2016-04-15,,
622,Baseball,1,Sport,2,2016-04-16,2016-04-16,,
623,Soccer,1,Sport,2,2016-04-16,2016-04-16,19:00:00,
624,Baseball,1,Sport,1,2016-04-17,2016-04-17,,
625,Baseball,0,Sport,1,2016-04-18,2016-04-18,,
626,Baseball,0,Sport,2,2016-04-19,2016-04-19,,
627,Paul McCartney: One On One,0,Concert,,2016-04-19,2016-04-19,20:00:00,22:30:00
628,Paul McCartney: One On One,0,Concert,,2016-04-20,2016-04-20,20:00:00,22:30:00
629,Baseball,0,Sport,2,2016-04-20,2016-04-20,,
630,Baseball,0,Sport,1,2016-04-22,2016-04-22,,
631,Rihanna: The Anti World Tour,1,Concert,,2016-04-23,2016-04-23,19:30:00,23:00:00
632,Baseball,1,Sport,2,2016-04-23,2016-04-23,,
633,Soccer,1,Sport,1,2016-04-23,2016-04-23,19:30:00,
634,Baseball,1,Sport,2,2016-04-24,2016-04-24,,
635,Baseball,0,Sport,2,2016-04-25,2016-04-25,,
636,Soccer,0,Sport,3,2016-04-25,2016-04-25,19:00:00,
637,Baseball,0,Sport,2,2016-04-26,2016-04-26,,
638,Baseball,0,Sport,2,2016-04-27,2016-04-27,,
639,Soccer,0,Sport,3,2016-04-27,2016-04-27,19:30:00,
640,Baseball,0,Sport,1,2016-04-29,2016-04-29,,
641,Soccer,1,Sport,2,2016-04-30,2016-04-30,13:00:00,
642,Baseball,1,Sport,1,2016-04-30,2016-04-30,,
643,Baseball,1,Sport,1,2016-05-01,2016-05-01,,
644,Baseball,0,Sport,2,2016-05-02,2016-05-02,,
645,Baseball,0,Sport,2,2016-05-03,2016-05-03,,
646,Baseball,0,Sport,1,2016-05-04,2016-05-04,,
647,Baseball,0,Sport,1,2016-05-05,2016-05-05,,
648,Baseball,0,Sport,2,2016-05-06,2016-05-06,,
649,Soccer,1,Sport,1,2016-05-07,2016-05-07,14:00:00,
650,Baseball,1,Sport,2,2016-05-07,2016-05-07,,
651,Baseball,1,Sport,1,2016-05-08,2016-05-08,,
652,Mother's Day,1,Public Holiday,,2016-05-08,2016-05-08,,
653,Baseball,0,Sport,2,2016-05-09,2016-05-09,,
654,Baseball,0,Sport,2,2016-05-10,2016-05-10,,
655,Baseball,0,Sport,1,2016-05-11,2016-05-11,,
656,Soccer,0,Sport,1,2016-05-11,2016-05-11,19:00:00,
657,Baseball,0,Sport,1,2016-05-13,2016-05-13,,
658,The Who: Hits 50! (Rescheduled),0,Concert,,2016-05-13,2016-05-13,19:30:00,22:30:00
659,Baseball,1,Sport,1,2016-05-14,2016-05-14,,
660,Selena Gomez: Revival Tour,1,Concert,,2016-05-14,2016-05-14,19:30:00,22:00:00
661,Soccer,1,Sport,1,2016-05-14,2016-05-14,16:30:00,
662,Baseball,1,Sport,1,2016-05-15,2016-05-15,,
663,Baseball,0,Sport,1,2016-05-17,2016-05-17,,
664,Baseball,0,Sport,2,2016-05-18,2016-05-18,,
665,Baseball,0,Sport,2,2016-05-19,2016-05-19,,
666,Baseball,0,Sport,2,2016-05-20,2016-05-20,,
667,Hedley: Hello World Tour,0,Concert,,2016-05-20,2016-05-20,19:00:00,23:00:00
668,Baseball,1,Sport,1,2016-05-21,2016-05-21,,
669,Soccer,1,Sport,2,2016-05-22,2016-05-22,13:30:00,
670,Baseball,0,Sport,2,2016-05-23,2016-05-23,,
671,Victoria Day,1,Public Holiday,,2016-05-23,2016-05-23,,
672,Baseball,0,Sport,2,2016-05-24,2016-05-24,,
673,Baseball,0,Sport,2,2016-05-25,2016-05-25,,
674,Florence and The Machine at Pepsi Center,0,Concert,,2016-05-26,2016-05-26,,
675,Baseball,0,Sport,1,2016-05-26,2016-05-26,,
676,Baseball,0,Sport,1,2016-05-27,2016-05-27,,
677,Baseball,1,Sport,2,2016-05-28,2016-05-28,,
678,Soccer,1,Sport,3,2016-05-28,2016-05-28,15:00:00,
679,Baseball,1,Sport,2,2016-05-29,2016-05-29,,
680,Baseball,1,Sport,2,2016-05-30,2016-05-30,,
681,Memorial Day,1,Public Holiday,,2016-05-30,2016-05-30,,
682,Baseball,0,Sport,1,2016-05-31,2016-05-31,,
683,Baseball,0,Sport,2,2016-06-01,2016-06-01,,
684,Soccer,0,Sport,2,2016-06-01,2016-06-01,16:30:00,
685,Queer Arts Festival,0,Festival,,2016-06-01,2016-06-30,,
686,Bard on the Beach Shakespeare Festival,0,Festival,,2016-06-01,2016-09-24,,
687,Baseball,0,Sport,2,2016-06-02,2016-06-02,,
688,City And Colour,0,Concert,,2016-06-03,2016-06-03,19:30:00,22:00:00
689,Baseball,0,Sport,2,2016-06-03,2016-06-03,,
690,Baseball,1,Sport,2,2016-06-04,2016-06-04,,
691,Baseball,1,Sport,1,2016-06-05,2016-06-05,,
692,Baseball,0,Sport,1,2016-06-06,2016-06-06,,
693,Baseball,0,Sport,2,2016-06-07,2016-06-07,,
694,Soccer,0,Sport,1,2016-06-08,2016-06-08,19:00:00,
695,Baseball,0,Sport,1,2016-06-08,2016-06-08,,
696,Baseball,0,Sport,1,2016-06-09,2016-06-09,,
697,Baseball,0,Sport,2,2016-06-10,2016-06-10,,
698,Greeley Blues Jam,0,Festival,,2016-06-10,2016-06-11,,
699,LOHI Music Festival,1,Festival,,2016-06-11,2016-06-11,,
700,Baseball,1,Sport,1,2016-06-11,2016-06-11,,
701,James Taylor & His All-Star Band,1,Concert,,2016-06-11,2016-06-11,20:00:00,22:30:00
702,Baseball,1,Sport,1,2016-06-12,2016-06-12,,
703,Baseball,0,Sport,1,2016-06-14,2016-06-14,,
704,Baseball,0,Sport,1,2016-06-15,2016-06-15,,
705,Telluride Bluegrass Festival,0,Festival,,2016-06-16,2016-06-19,,
706,Sonic Bloom,0,Festival,,2016-06-16,2016-06-19,,
707,Bands In the Backyard,0,Festival,,2016-06-17,2016-06-18,,
708,Baseball,0,Sport,2,2016-06-17,2016-06-17,,
709,Baseball,1,Sport,2,2016-06-18,2016-06-18,,
710,Soccer,1,Sport,2,2016-06-18,2016-06-18,16:00:00,
711,Father's Day,1,Public Holiday,,2016-06-19,2016-06-19,,
712,Baseball,1,Sport,2,2016-06-19,2016-06-19,,
713,Baseball,0,Sport,1,2016-06-20,2016-06-20,,
714,Baseball,0,Sport,1,2016-06-21,2016-06-21,,
715,Soccer,0,Sport,2,2016-06-21,2016-06-21,16:30:00,
716,Divide Music Festival,0,Festival,,2016-06-22,2016-06-24,,
717,Baseball,0,Sport,2,2016-06-22,2016-06-22,,
718,Baseball,0,Sport,2,2016-06-23,2016-06-23,,
719,Baseball,0,Sport,2,2016-06-24,2016-06-24,,
720,JAS June Experience,0,Festival,,2016-06-24,2016-06-26,,
721,International Arts and Music Festival,0,Festival,,2016-06-24,2016-06-26,,
722,Annual TD Vancouver International Jazz Festival,0,Festival,,2016-06-24,2016-07-01,,
723,Baseball,1,Sport,1,2016-06-25,2016-06-25,,
724,Westword Music Showcase,1,Festival,,2016-06-25,2016-06-25,,
725,,1,Festival,,2016-06-25,2016-06-25,,
726,Soccer,1,Sport,1,2016-06-25,2016-06-25,16:00:00,
727,Greek Day on Broadway,1,Festival,,2016-06-26,2016-06-26,,
728,Festa Italiana,1,Festival,,2016-06-26,2016-06-26,,
729,Baseball,1,Sport,1,2016-06-26,2016-06-26,,
730,Baseball,0,Sport,1,2016-06-27,2016-06-27,,
731,Baseball,0,Sport,2,2016-06-28,2016-06-28,,
732,Baseball,0,Sport,2,2016-06-29,2016-06-29,,
733,Soccer,0,Sport,2,2016-06-29,2016-06-29,19:00:00,
734,Ships to Shore Steveston,0,Festival,,2016-06-30,2016-07-02,,
735,Golden Spike Days Festival,0,Festival,,2016-06-30,2016-07-03,,
736,Janet Jackson at Pepsi Center,0,Concert,,2016-07-01,2016-07-01,,
737,Baseball,0,Sport,2,2016-07-01,2016-07-01,,
738,Canada Day,1,Public Holiday,,2016-07-01,2016-07-01,,
739,Steveston Salmon Festival,1,Festival,,2016-07-01,2016-07-01,,
740,Baseball,1,Sport,2,2016-07-02,2016-07-02,,
741,Selena Gomez at Pepsi Center,1,Concert,,2016-07-02,2016-07-02,,
742,FVDED in the Park,1,Festival,,2016-07-02,2016-07-03,,
743,Squamish Motorcycle Festival,1,Festival,,2016-07-02,2016-07-03,,
744,Japanese Tanabata Festical,1,Festival,,2016-07-02,2016-07-02,,
745,Baseball,1,Sport,2,2016-07-03,2016-07-03,,
746,Soccer,0,Sport,2,2016-07-04,2016-07-04,19:30:00,
747,Baseball,1,Sport,2,2016-07-04,2016-07-04,,
748,Independence Day,1,Public Holiday,,2016-07-04,2016-07-04,,
749,Baseball,0,Sport,1,2016-07-05,2016-07-05,,
750,Baseball,0,Sport,2,2016-07-06,2016-07-06,,
751,Baseball,0,Sport,1,2016-07-07,2016-07-07,,
752,Dixie Chicks: MMXVI Tour,0,Concert,,2016-07-07,2016-07-07,19:00:00,22:00:00
753,Annual Dancing on the Edge Festival,0,Festival,,2016-07-07,2016-07-16,,
754,Greek Summer Festival,0,Festival,,2016-07-07,2016-07-17,,
755,Annual Indian Summer Festival,0,Festival,,2016-07-07,2016-07-16,,
756,Baseball,0,Sport,2,2016-07-08,2016-07-08,,
757,Whistler Children's Art Festival,0,Festival,,2016-07-08,2016-07-10,,
758,Squamish Nation Annual Youth Powwow,0,Festival,,2016-07-08,2016-07-10,,
759,Ride Festival,1,Festival,,2016-07-09,2016-07-10,,
760,Baseball,1,Sport,1,2016-07-09,2016-07-09,,
761,Thai Festival,1,Festival,,2016-07-09,2016-07-10,,
762,Annual Harrison Festival of the Arts,1,Festival,,2016-07-09,2016-07-17,,
763,Soccer,1,Sport,3,2016-07-09,2016-07-09,19:00:00,
764,Carnaval del Sol,1,Festival,,2016-07-09,2016-07-10,,
765,Khatsahlano Street Party,1,Festival,,2016-07-09,2016-07-09,,
766,Baseball,1,Sport,2,2016-07-10,2016-07-10,,
767,Sting at Pepsi Center,0,Concert,,2016-07-12,2016-07-12,,
768,Soccer,0,Sport,1,2016-07-13,2016-07-13,19:30:00,
769,Pemberton Music Festival,0,Festival,,2016-07-14,2016-07-17,,
770,Burn in the Forest,0,Festival,,2016-07-14,2016-07-17,,
771,Vancouver Folk Music Festival,0,Festival,,2016-07-15,2016-07-17,,
772,Baseball,0,Sport,1,2016-07-15,2016-07-15,,
773,Soccer,1,Sport,3,2016-07-16,2016-07-16,19:00:00,
774,Chilliwqach Corn Festival,1,Festival,,2016-07-16,2016-07-16,,
775,Baseball,1,Sport,1,2016-07-16,2016-07-16,,
776,Adele at Pepsi Center,1,Concert,,2016-07-16,2016-07-16,,
777,Adele at Pepsi Center,1,Concert,,2016-07-17,2016-07-17,,
778,Baseball,1,Sport,2,2016-07-17,2016-07-17,,
779,Baseball,0,Sport,1,2016-07-18,2016-07-18,,
780,Soccer,0,Sport,3,2016-07-19,2016-07-19,19:00:00,
781,Baseball,0,Sport,2,2016-07-19,2016-07-19,,
782,Baseball,0,Sport,2,2016-07-20,2016-07-20,,
783,Adele,0,Concert,,2016-07-20,2016-07-20,20:00:00,23:00:00
784,Adele,0,Concert,,2016-07-21,2016-07-21,20:00:00,23:00:00
785,Baseball,0,Sport,1,2016-07-21,2016-07-21,,
786,Baseball,0,Sport,1,2016-07-22,2016-07-22,,
787,Mission Folk Music Festival,0,Festival,,2016-07-22,2016-07-24,,
788,Maple Ridge-Pitt Meadows Country Fest,1,Festival,,2016-07-23,2016-07-24,,
789,Baseball,1,Sport,1,2016-07-23,2016-07-23,,
790,Uptown Live,1,Festival,,2016-07-23,2016-07-23,,
791,Soccer,1,Sport,3,2016-07-23,2016-07-23,18:30:00,
792,Surrey Fusion Festival,1,Festival,,2016-07-23,2016-07-24,,
793,Caribbean Days Festival,1,Festival,,2016-07-23,2016-07-24,,
794,Baseball,1,Sport,1,2016-07-24,2016-07-24,,
795,Brewery and the Beast,1,Festival,,2016-07-24,2016-07-24,,
796,The Tragically Hip: Man Machine Poem Tour,1,Concert,,2016-07-24,2016-07-24,20:30:00,
797,Annual Walnut Fest,1,Festival,,2016-07-24,2016-07-24,,
798,Baseball,0,Sport,2,2016-07-25,2016-07-25,,
799,Baseball,0,Sport,1,2016-07-26,2016-07-26,,
800,The Tragically Hip: Man Machine Poem Tour,0,Concert,,2016-07-26,2016-07-26,20:30:00,
801,Baseball,0,Sport,1,2016-07-27,2016-07-27,,
802,Baseball,0,Sport,1,2016-07-28,2016-07-28,,
803,Merritt Rockin' River Fest,0,Festival,,2016-07-28,2016-07-31,,
804,Underground Music Showcase,0,Festival,,2016-07-28,2016-07-31,,
805,Wanderlust Festival,0,Festival,,2016-07-28,2016-08-01,,
806,Bass Center,0,Festival,,2016-07-29,2016-07-30,,
807,Harmony Arts Festival,0,Festival,,2016-07-29,2016-08-07,,
808,Abbotsford Agrifair,0,Festival,,2016-07-29,2016-07-31,,
809,Baseball,0,Sport,1,2016-07-29,2016-07-29,,
810,Annual Powell Street Festival,1,Festival,,2016-07-30,2016-07-31,,
811,Kinsmen Internation Craft Beer Festival,1,Festival,,2016-07-30,2016-08-01,,
812,Vancouver Street Dance Festival,1,Festival,,2016-07-30,2016-07-30,,
813,Annual Maple Ridge Caribbean Festival,1,Festival,,2016-07-30,2016-07-31,,
814,Baseball,1,Sport,1,2016-07-30,2016-07-30,,
815,Vans Warped Tour,1,Festival,,2016-07-31,2016-07-31,,
816,Annual Vancouver Pride Parade,1,Festival,,2016-07-31,2016-07-31,,
817,Soccer,1,Sport,2,2016-07-31,2016-07-31,15:00:00,
818,Falling In Reverse at Pepsi Center,1,Concert,,2016-07-31,2016-07-31,,
819,Baseball,1,Sport,2,2016-07-31,2016-07-31,,
820,Civic Holiday,1,Public Holiday,,2016-08-01,2016-08-01,,
821,Bach Festival,0,Festival,,2016-08-02,2016-08-12,,
822,Baseball,0,Sport,1,2016-08-02,2016-08-02,,
823,Soccer,0,Sport,1,2016-08-02,2016-08-02,17:00:00,
824,Baseball,0,Sport,1,2016-08-03,2016-08-03,,
825,Baseball,0,Sport,2,2016-08-04,2016-08-04,,
826,Baseball,0,Sport,2,2016-08-05,2016-08-05,,
827,Arise Music Festival,0,Festival,,2016-08-05,2016-08-07,,
828,Vertex,0,Festival,,2016-08-05,2016-08-07,,
829,YVR Food Fest,0,Festival,,2016-08-05,2016-08-07,,
830,Soccer,1,Sport,2,2016-08-06,2016-08-06,18:00:00,
831,Baseball,1,Sport,1,2016-08-06,2016-08-06,,
832,Richmond Maritime Festival,1,Festival,,2016-08-06,2016-08-07,,
833,Burnaby Blues and Roots Festival,1,Festival,,2016-08-06,2016-08-06,,
834,Baseball,1,Sport,2,2016-08-07,2016-08-07,,
835,Baseball,0,Sport,2,2016-08-08,2016-08-08,,
836,Demi Lovato at Pepsi Center,0,Concert,,2016-08-09,2016-08-09,,
837,Baseball,0,Sport,2,2016-08-09,2016-08-09,,
838,Baseball,0,Sport,2,2016-08-10,2016-08-10,,
839,Annual Vancouver Queer Film Festival,0,Festival,,2016-08-11,2016-08-21,,
840,Baseball,0,Sport,1,2016-08-11,2016-08-11,,
841,Soccer,0,Sport,2,2016-08-12,2016-08-12,20:00:00,
842,Abbotsford Airshow,0,Festival,,2016-08-12,2016-08-14,,
843,Baseball,0,Sport,2,2016-08-12,2016-08-12,,
844,Baseball,1,Sport,2,2016-08-13,2016-08-13,,
845,Julion Alvarez at Pepsi Center,1,Concert,,2016-08-14,2016-08-14,,
846,Baseball,1,Sport,2,2016-08-14,2016-08-14,,
847,Baseball,0,Sport,2,2016-08-15,2016-08-15,,
848,Baseball,0,Sport,1,2016-08-16,2016-08-16,,
849,Baseball,0,Sport,1,2016-08-17,2016-08-17,,
850,Baseball,0,Sport,1,2016-08-19,2016-08-19,,
851,Josh Groban at Pepsi Center,0,Concert,,2016-08-19,2016-08-19,,
852,Annual Arts Alive Festival ,1,Festival,,2016-08-20,2016-08-20,,
853,Baseball,1,Sport,2,2016-08-20,2016-08-20,,
854,Soccer,1,Sport,2,2016-08-20,2016-08-20,19:00:00,
855,Steveston Dragon Boat Festival,1,Festival,,2016-08-20,2016-08-20,,
856,The Fair at the PNE,1,Festival,,2016-08-20,2016-09-05,,
857,Columbia StrEAT Food Truck Festival,1,Festival,,2016-08-20,2016-08-20,,
858,Journey at Pepsi Center,1,Concert,,2016-08-20,2016-08-20,,
859,Baseball,1,Sport,1,2016-08-21,2016-08-21,,
860,Annual Garlic Festival,1,Festival,,2016-08-21,2016-08-21,,
861,Baseball,0,Sport,2,2016-08-22,2016-08-22,,
862,Baseball,0,Sport,2,2016-08-23,2016-08-23,,
863,Soccer,0,Sport,1,2016-08-23,2016-08-23,19:00:00,
864,Baseball,0,Sport,2,2016-08-24,2016-08-24,,
865,5 Seconds Of Summer at Pepsi Center,0,Concert,,2016-08-24,2016-08-24,,
866,Demi Lovato & Nick Jonas: Future Now: The Tour,0,Concert,,2016-08-24,2016-08-24,19:00:00,23:00:00
867,Gwen Stefani: This Is What The Truth Feels Like Tour,0,Concert,,2016-08-25,2016-08-25,19:00:00,22:00:00
868,Baseball,0,Sport,2,2016-08-26,2016-08-26,,
869,Baseball,1,Sport,1,2016-08-27,2016-08-27,,
870,Soccer,1,Sport,3,2016-08-27,2016-08-27,19:30:00,
871,Baseball,1,Sport,1,2016-08-28,2016-08-28,,
872,Duran Duran: The Paper Gods Tour,1,Concert,,2016-08-28,2016-08-28,19:30:00,23:00:00
873,Baseball,0,Sport,1,2016-08-29,2016-08-29,,
874,Coldplay at Pepsi Center,0,Concert,,2016-08-29,2016-08-29,,
875,Baseball,0,Sport,2,2016-08-31,2016-08-31,,
876,Baseball,0,Sport,1,2016-08-31,2016-08-31,,
877,Baseball,0,Sport,1,2016-09-02,2016-09-02,,
878,Riot Fest,0,Festival,,2016-09-02,2016-09-04,,
879,Soccer,1,Sport,2,2016-09-03,2016-09-03,16:00:00,
880,Baseball,1,Sport,2,2016-09-03,2016-09-03,,
881,Baseball,1,Sport,2,2016-09-04,2016-09-04,,
882,Baseball,1,Sport,1,2016-09-05,2016-09-05,,
883,Labor Day,1,Public Holiday,,2016-09-05,2016-09-05,,
884,Labour Day,1,Public Holiday,,2016-09-05,2016-09-05,,
885,Baseball,0,Sport,2,2016-09-06,2016-09-06,,
886,Baseball,0,Sport,1,2016-09-07,2016-09-07,,
887,Baseball,0,Sport,2,2016-09-08,2016-09-08,,
888,Football,0,Sport,1,2016-09-08,2016-09-08,20:40:00,
889,Fringe Festival,0,Festival,,2016-09-08,2016-09-18,,
890,Accordion Noir Festival,0,Festival,,2016-09-08,2016-09-11,,
891,Baseball,0,Sport,1,2016-09-09,2016-09-09,,
892,Baseball,1,Sport,2,2016-09-10,2016-09-10,,
893,Keith Urban: ripCord World Tour 2016,1,Concert,,2016-09-10,2016-09-10,19:30:00,22:00:00
894,Soccer,1,Sport,1,2016-09-10,2016-09-10,16:30:00,
895,Baseball,1,Sport,1,2016-09-11,2016-09-11,,
896,Coho Festival,1,Festival,,2016-09-11,2016-09-11,,
897,Baseball,0,Sport,2,2016-09-12,2016-09-12,,
898,Soccer,0,Sport,1,2016-09-13,2016-09-13,17:00:00,
899,Blink-182 at Pepsi Center,0,Concert,,2016-09-13,2016-09-13,,
900,Baseball,0,Sport,2,2016-09-13,2016-09-13,,
901,Baseball,0,Sport,2,2016-09-14,2016-09-14,,
902,Mana at Pepsi Center,0,Concert,,2016-09-14,2016-09-14,,
903,Telluride Blues & Brews,0,Festival,,2016-09-16,2016-09-18,,
904,Baseball,0,Sport,1,2016-09-16,2016-09-16,,
905,Baseball,1,Sport,1,2016-09-17,2016-09-17,,
906,Def Leppard at Pepsi Center,1,Concert,,2016-09-17,2016-09-17,,
907,Drake: Summer Sixteen Tour,1,Concert,,2016-09-17,2016-09-17,18:30:00,23:00:00
908,Soccer,1,Sport,2,2016-09-17,2016-09-17,13:00:00,
909,Drake: Summer Sixteen Tour,1,Concert,,2016-09-18,2016-09-18,18:30:00,23:00:00
910,Baseball,1,Sport,1,2016-09-18,2016-09-18,,
911,Football,1,Sport,1,2016-09-18,2016-09-18,16:25:00,
912,Dolly Parton: Pure & Simple Tour,0,Concert,,2016-09-19,2016-09-19,19:30:00,22:00:00
913,Baseball,0,Sport,2,2016-09-19,2016-09-19,,
914,Baseball,0,Sport,2,2016-09-20,2016-09-20,,
915,Baseball,0,Sport,1,2016-09-21,2016-09-21,,
916,Baseball,0,Sport,2,2016-09-22,2016-09-22,,
917,Baseball,0,Sport,2,2016-09-23,2016-09-23,,
918,Soccer,1,Sport,3,2016-09-24,2016-09-24,16:00:00,
919,Baseball,1,Sport,2,2016-09-24,2016-09-24,,
920,Football,1,Sport,1,2016-09-25,2016-09-25,13:02:00,
921,Baseball,1,Sport,2,2016-09-25,2016-09-25,,
922,Hockey,0,Sport,2,2016-09-27,2016-09-27,22:30:00,
923,Baseball,0,Sport,2,2016-09-27,2016-09-27,,
924,Soccer,0,Sport,1,2016-09-28,2016-09-28,19:00:00,
925,Hockey,0,Sport,1,2016-09-28,2016-09-28,22:00:00,
926,Baseball,0,Sport,1,2016-09-28,2016-09-28,,
927,Baseball,0,Sport,2,2016-09-29,2016-09-29,,
928,Hockey,0,Sport,2,2016-09-30,2016-09-30,21:00:00,
929,Baseball,0,Sport,1,2016-09-30,2016-09-30,,
930,Drake at Pepsi Center,1,Concert,,2016-10-01,2016-10-01,,
931,Baseball,1,Sport,2,2016-10-01,2016-10-01,,
932,Baseball,1,Sport,2,2016-10-02,2016-10-02,,
933,Hockey,1,Sport,2,2016-10-02,2016-10-02,20:00:00,
934,Soccer,1,Sport,2,2016-10-02,2016-10-02,17:00:00,
935,Football,1,Sport,1,2016-10-02,2016-10-02,16:05:00,
936,Hockey,0,Sport,2,2016-10-03,2016-10-03,22:00:00,
937,Maroon 5 at Pepsi Center,0,Concert,,2016-10-06,2016-10-06,,
938,Hockey,0,Sport,1,2016-10-06,2016-10-06,22:00:00,
939,Hockey,1,Sport,1,2016-10-08,2016-10-08,21:00:00,
940,Football,1,Sport,2,2016-10-09,2016-10-09,16:05:00,
941,Columbus Day,1,Public Holiday,,2016-10-10,2016-10-10,,
942,Thanksgiving,1,Public Holiday,,2016-10-10,2016-10-10,,
943,Football,0,Sport,2,2016-10-13,2016-10-13,20:25:00,
944,Hockey,1,Sport,1,2016-10-15,2016-10-15,22:00:00,
945,Soccer,1,Sport,3,2016-10-16,2016-10-16,14:00:00,
946,Hockey,1,Sport,1,2016-10-16,2016-10-16,22:00:00,
947,Kanye West: Saint Pablo Tour,0,Concert,,2016-10-17,2016-10-17,20:00:00,22:00:00
948,Hockey,0,Sport,1,2016-10-18,2016-10-18,22:00:00,
949,Hockey,0,Sport,1,2016-10-20,2016-10-20,22:00:00,
950,Hockey,1,Sport,2,2016-10-22,2016-10-22,22:00:00,
951,Hockey,1,Sport,2,2016-10-23,2016-10-23,20:00:00,
952,Soccer,1,Sport,1,2016-10-23,2016-10-23,13:00:00,
953,Five Finger Death Punch at Pepsi Center,1,Concert,,2016-10-23,2016-10-23,,
954,Football,0,Sport,1,2016-10-24,2016-10-24,20:30:00,
955,Hockey,0,Sport,2,2016-10-25,2016-10-25,22:00:00,
956,Tool at Pepsi Center,0,Concert,,2016-10-26,2016-10-26,,
957,Stevie Nicks at Pepsi Center,0,Concert,,2016-10-27,2016-10-27,,
958,Hockey,0,Sport,2,2016-10-28,2016-10-28,22:00:00,
959,Hockey,1,Sport,2,2016-10-29,2016-10-29,22:00:00,
960,Football,1,Sport,1,2016-10-30,2016-10-30,16:05:00,
961,Halloween,1,Public Holiday,,2016-10-31,2016-10-31,,
962,Hockey,0,Sport,2,2016-11-02,2016-11-02,19:30:00,
963,Hockey,0,Sport,2,2016-11-03,2016-11-03,19:30:00,
964,Hockey,1,Sport,2,2016-11-05,2016-11-05,19:00:00,
965,Football,1,Sport,2,2016-11-06,2016-11-06,20:30:00,
966,Marc Anthony at Pepsi Center,1,Concert,,2016-11-06,2016-11-06,,
967,Chicago and Earth Wind & Fire: Heart and Soul Tour 3,0,Concert,,2016-11-07,2016-11-07,19:30:00,23:00:00
968,Hockey,0,Sport,2,2016-11-07,2016-11-07,19:00:00,
969,Hockey,0,Sport,1,2016-11-08,2016-11-08,19:00:00,
970,Hockey,0,Sport,2,2016-11-10,2016-11-10,19:30:00,
971,Remembrance Day,1,Public Holiday,,2016-11-11,2016-11-11,,
972,Veterans Day,1,Public Holiday,,2016-11-11,2016-11-11,,
973,Florida Georgia Line: Dig Your Roots Tour,1,Concert,,2016-11-12,2016-11-12,19:00:00,23:00:00
974,Football,1,Sport,1,2016-11-13,2016-11-13,13:00:00,
975,Hockey,1,Sport,1,2016-11-13,2016-11-13,16:00:00,
976,Hockey,0,Sport,2,2016-11-15,2016-11-15,22:00:00,
977,Hockey,0,Sport,1,2016-11-17,2016-11-17,22:00:00,
978,Hockey,1,Sport,2,2016-11-19,2016-11-19,22:00:00,
979,Hockey,0,Sport,1,2016-11-23,2016-11-23,22:00:00,
980,Thanksgiving Day,1,Public Holiday,,2016-11-24,2016-11-24,,
981,Hockey,0,Sport,2,2016-11-25,2016-11-25,20:30:00,
982,Hockey,1,Sport,1,2016-11-26,2016-11-26,22:00:00,
983,Football,1,Sport,2,2016-11-27,2016-11-27,20:30:00,
984,Hockey,0,Sport,1,2016-11-29,2016-11-29,22:00:00,
985,Hockey,0,Sport,2,2016-12-01,2016-12-01,22:00:00,
986,Hockey,1,Sport,1,2016-12-03,2016-12-03,19:00:00,
987,Football,1,Sport,1,2016-12-04,2016-12-04,13:00:00,
988,Hockey,0,Sport,2,2016-12-06,2016-12-06,19:00:00,
989,Hockey,0,Sport,1,2016-12-08,2016-12-08,19:30:00,
990,Stevie Nicks: 24 Karat Gold Tour,0,Concert,,2016-12-09,2016-12-09,19:00:00,23:00:00
991,Hockey,1,Sport,2,2016-12-10,2016-12-10,19:00:00,
992,Hockey,1,Sport,2,2016-12-11,2016-12-11,17:00:00,
993,Football,1,Sport,2,2016-12-11,2016-12-11,13:00:00,
994,Hockey,0,Sport,2,2016-12-13,2016-12-13,19:00:00,
995,Hockey,0,Sport,1,2016-12-16,2016-12-16,22:00:00,
996,Hockey,1,Sport,2,2016-12-18,2016-12-18,16:00:00,
997,Football,1,Sport,2,2016-12-18,2016-12-18,16:25:00,
998,Hockey,0,Sport,1,2016-12-20,2016-12-20,22:00:00,
999,Hockey,0,Sport,2,2016-12-22,2016-12-22,22:00:00,
1000,Hockey,0,Sport,2,2016-12-23,2016-12-23,21:00:00,
1001,Football,1,Sport,2,2016-12-25,2016-12-25,20:30:00,
1002,Christmas Day,1,Public Holiday,,2016-12-25,2016-12-25,,
1003,Christmas Day,1,Public Holiday,,2016-12-25,2016-12-25,,
1004,Christmas Day observed,1,Public Holiday,,2016-12-26,2016-12-26,,
1005,Boxing Day,1,Public Holiday,,2016-12-26,2016-12-26,,
1006,Hockey,0,Sport,1,2016-12-28,2016-12-28,22:00:00,
1007,Hockey,0,Sport,1,2016-12-30,2016-12-30,22:00:00,
1008,Hockey,1,Sport,1,2016-12-31,2016-12-31,22:00:00,
1009,New Year's Day,1,Public Holiday,,2017-01-01,2017-01-01,,
1010,Football,1,Sport,1,2017-01-01,2017-01-01,16:25:00,
1011,New Year's Day,1,Public Holiday,,2017-01-01,2017-01-01,,
1012,New Year's Day observed,1,Public Holiday,,2017-01-02,2017-01-02,,
1013,Hockey,0,Sport,1,2017-01-02,2017-01-02,22:00:00,
1014,Hockey,0,Sport,1,2017-01-04,2017-01-04,22:00:00,
1015,Hockey,0,Sport,1,2017-01-06,2017-01-06,22:00:00,
1016,Hockey,1,Sport,2,2017-01-07,2017-01-07,22:00:00,
1017,Hockey,0,Sport,2,2017-01-10,2017-01-10,20:00:00,
1018,Hockey,0,Sport,2,2017-01-12,2017-01-12,19:00:00,
1019,Hockey,1,Sport,2,2017-01-15,2017-01-15,19:00:00,
1020,Martin Luther King Jr. Day,1,Public Holiday,,2017-01-16,2017-01-16,,
1021,Hockey,0,Sport,1,2017-01-17,2017-01-17,22:00:00,
1022,Hockey,0,Sport,1,2017-01-20,2017-01-20,22:00:00,
1023,Hockey,1,Sport,2,2017-01-22,2017-01-22,19:30:00,
1024,Hockey,0,Sport,1,2017-01-25,2017-01-25,21:30:00,
1025,Hockey,0,Sport,2,2017-01-26,2017-01-26,21:00:00,
1026,Soccer,0,Sport,2,2017-01-27,2017-01-27,3:00:00,
1027,Soccer,0,Sport,1,2017-01-30,2017-01-30,5:00:00,
1028,Soccer,0,Sport,1,2017-02-02,2017-02-02,4:00:00,
1029,Hockey,0,Sport,2,2017-02-02,2017-02-02,22:00:00,
1030,Hockey,1,Sport,2,2017-02-04,2017-02-04,22:00:00,
1031,Hockey,0,Sport,2,2017-02-07,2017-02-07,20:00:00,
1032,Dierks Bentley,0,Concert,,2017-02-09,2017-02-09,19:30:00,20:00:00
1033,Hockey,0,Sport,1,2017-02-09,2017-02-09,19:00:00,
1034,Soccer,0,Sport,3,2017-02-09,2017-02-09,17:00:00,
1035,Hockey,1,Sport,2,2017-02-11,2017-02-11,13:00:00,
1036,Soccer,1,Sport,3,2017-02-12,2017-02-12,14:30:00,
1037,Hockey,1,Sport,1,2017-02-12,2017-02-12,19:30:00,
1038,Family Day,1,Public Holiday,,2017-02-13,2017-02-13,,
1039,Hockey,1,Sport,2,2017-02-14,2017-02-14,19:00:00,
1040,Valentine's Day,1,Public Holiday,,2017-02-14,2017-02-14,,
1041,Soccer,0,Sport,2,2017-02-15,2017-02-15,19:30:00,
1042,Hockey,0,Sport,,2017-02-16,2017-02-16,19:30:00,
1043,Hockey,0,Sport,2,2017-02-16,2017-02-16,20:00:00,
1044,Hockey,1,Sport,1,2017-02-18,2017-02-18,22:00:00,
1045,Hockey,1,Sport,2,2017-02-19,2017-02-19,22:00:00,
1046,Presidents' Day,1,Public Holiday,,2017-02-20,2017-02-20,,
1047,Soccer,0,Sport,3,2017-02-22,2017-02-22,17:00:00,
1048,Hockey,1,Sport,2,2017-02-25,2017-02-25,22:00:00,
1049,Hockey,0,Sport,2,2017-02-28,2017-02-28,22:00:00,
1050,Red Hot Chili Peppers at Pepsi Center,0,Concert,,2017-03-02,2017-03-02,,
1051,Soccer,0,Sport,1,2017-03-02,2017-03-02,19:00:00,
1052,Hockey,0,Sport,2,2017-03-02,2017-03-02,22:30:00,
1053,Hockey,1,Sport,1,2017-03-04,2017-03-04,22:00:00,
1054,Hockey,1,Sport,1,2017-03-05,2017-03-05,20:00:00,
1055,Soccer,1,Sport,3,2017-03-05,2017-03-05,18:30:00,
1056,Hockey,0,Sport,2,2017-03-07,2017-03-07,22:00:00,
1057,Hockey,0,Sport,2,2017-03-09,2017-03-09,22:00:00,
1058,Hockey,1,Sport,2,2017-03-11,2017-03-11,22:00:00,
1059,Soccer,1,Sport,2,2017-03-11,2017-03-11,19:00:00,
1060,Hockey,0,Sport,2,2017-03-13,2017-03-13,22:00:00,
1061,Soccer,0,Sport,2,2017-03-14,2017-03-14,19:00:00,
1062,Bon Jovi at Pepsi Center,0,Concert,,2017-03-14,2017-03-14,,
1063,Eric Church: Holdin' My Own Tour,0,Concert,,2017-03-14,2017-03-14,20:00:00,23:55:00
1064,Hockey,0,Sport,2,2017-03-16,2017-03-16,22:00:00,
1065,St. Patrick's Day,1,Public Holiday,,2017-03-17,2017-03-17,,
1066,Panic! at the Disco at Pepsi Center,0,Concert,,2017-03-17,2017-03-17,,
1067,Hockey,1,Sport,2,2017-03-18,2017-03-18,22:00:00,
1068,Soccer,1,Sport,2,2017-03-18,2017-03-18,18:30:00,
1069,Red Hot Chili Peppers,1,Concert,,2017-03-18,2017-03-18,20:00:00,23:00:00
1070,Ramin Djawadi at Pepsi Center,1,Concert,,2017-03-19,2017-03-19,,
1071,Hockey,0,Sport,1,2017-03-21,2017-03-21,20:30:00,
1072,Hockey,0,Sport,2,2017-03-23,2017-03-23,20:00:00,
1073,Ariana Grande: Dangerous Woman Tour,0,Concert,,2017-03-24,2017-03-24,19:30:00,23:00:00
1074,Hockey,1,Sport,1,2017-03-25,2017-03-25,14:00:00,
1075,Hockey,1,Sport,2,2017-03-26,2017-03-26,20:00:00,
1076,Chris Stapleton,0,Concert,,2017-03-27,2017-03-27,19:30:00,23:00:00
1077,Hockey,0,Sport,2,2017-03-28,2017-03-28,22:00:00,
1078,Hockey,0,Sport,2,2017-03-31,2017-03-31,22:00:00,
1079,Game of Thrones: Live Concert Experience,1,Concert,,2017-04-01,2017-04-01,20:00:00,23:00:00
1080,Soccer,1,Sport,1,2017-04-01,2017-04-01,19:00:00,
1081,Ariana Grande at Pepsi Center,1,Concert,,2017-04-02,2017-04-02,,
1082,Hockey,1,Sport,2,2017-04-02,2017-04-02,19:00:00,
1083,Ariana Grande at Pepsi Center,0,Concert,,2017-04-03,2017-04-03,,
1084,Baseball,0,Sport,1,2017-04-03,2017-04-03,,
1085,Hockey,0,Sport,2,2017-04-04,2017-04-04,22:30:00,
1086,Baseball,0,Sport,1,2017-04-04,2017-04-04,,
1087,Soccer,0,Sport,2,2017-04-05,2017-04-05,19:00:00,
1088,Eric Church at Pepsi Center,0,Concert,,2017-04-05,2017-04-05,,
1089,Baseball,0,Sport,2,2017-04-05,2017-04-05,,
1090,Baseball,0,Sport,1,2017-04-06,2017-04-06,,
1091,Hockey,0,Sport,2,2017-04-06,2017-04-06,22:00:00,
1092,Baseball,0,Sport,1,2017-04-07,2017-04-07,,
1093,Baseball,1,Sport,1,2017-04-08,2017-04-08,,
1094,Hockey,1,Sport,2,2017-04-08,2017-04-08,22:00:00,
1095,Soccer,1,Sport,2,2017-04-08,2017-04-08,18:30:00,
1096,Baseball,1,Sport,2,2017-04-09,2017-04-09,,
1097,Hockey,1,Sport,2,2017-04-09,2017-04-09,21:00:00,
1098,Baseball,0,Sport,2,2017-04-10,2017-04-10,,
1099,Baseball,0,Sport,1,2017-04-11,2017-04-11,,
1100,Baseball,0,Sport,2,2017-04-12,2017-04-12,,
1101,Baseball,0,Sport,1,2017-04-13,2017-04-13,,
1102,Soccer,1,Sport,1,2017-04-14,2017-04-14,19:00:00,
1103,Snoop Dogg - Wellness Retreat Tour,1,Concert,,2017-04-14,2017-04-14,19:00:00,22:00:00
1104,Good Friday,1,Public Holiday,,2017-04-14,2017-04-14,,
1105,Bon Jovi at Pepsi Center,0,Concert,,2017-04-14,2017-04-14,,
1106,Baseball,0,Sport,2,2017-04-14,2017-04-14,,
1107,Baseball,1,Sport,1,2017-04-15,2017-04-15,,
1108,Baseball,1,Sport,1,2017-04-16,2017-04-16,,
1109,Baseball,0,Sport,1,2017-04-18,2017-04-18,,
1110,John Mayer: The Search for Everything Tour,0,Concert,,2017-04-19,2017-04-19,19:30:00,23:00:00
1111,Baseball,0,Sport,2,2017-04-19,2017-04-19,,
1112,Baseball,0,Sport,1,2017-04-21,2017-04-21,,
1113,Baseball,1,Sport,1,2017-04-22,2017-04-22,,
1114,Soccer,1,Sport,2,2017-04-22,2017-04-22,13:00:00,
1115,Baseball,1,Sport,1,2017-04-23,2017-04-23,,
1116,Lionel Richie at Pepsi Center,1,Concert,,2017-04-23,2017-04-23,,
1117,Baseball,0,Sport,1,2017-04-24,2017-04-24,,
1118,Baseball,0,Sport,2,2017-04-25,2017-04-25,,
1119,The Weeknd: Starboy: Legend of the Fall 2017 World Tour,0,Concert,,2017-04-25,2017-04-25,19:30:00,23:00:00
1120,Baseball,0,Sport,2,2017-04-26,2017-04-26,,
1121,Baseball,0,Sport,2,2017-04-27,2017-04-27,,
1122,Baseball,0,Sport,1,2017-04-28,2017-04-28,,
1123,Baseball,1,Sport,1,2017-04-29,2017-04-29,,
1124,Soccer,1,Sport,1,2017-04-29,2017-04-29,12:00:00,
1125,Baseball,1,Sport,2,2017-04-30,2017-04-30,,
1126,Baseball,0,Sport,2,2017-05-02,2017-05-02,,
1127,Baseball,0,Sport,1,2017-05-03,2017-05-03,,
1128,Baseball,0,Sport,1,2017-05-04,2017-05-04,,
1129,Baseball,0,Sport,2,2017-05-05,2017-05-05,,
1130,Spread The Word Music Festival,0,Festival,,2017-05-05,2017-05-08,,
1131,Soccer,0,Sport,1,2017-05-05,2017-05-05,19:00:00,
1132,Baseball,1,Sport,1,2017-05-06,2017-05-06,,
1133,Baseball,1,Sport,1,2017-05-07,2017-05-07,,
1134,Chris Brown at Pepsi Center,0,Concert,,2017-05-08,2017-05-08,,
1135,Baseball,0,Sport,2,2017-05-09,2017-05-09,,
1136,Baseball,0,Sport,1,2017-05-09,2017-05-09,,
1137,Baseball,0,Sport,1,2017-05-10,2017-05-10,,
1138,Baseball,0,Sport,1,2017-05-11,2017-05-11,,
1139,Soccer,0,Sport,2,2017-05-12,2017-05-12,18:00:00,
1140,Baseball,0,Sport,2,2017-05-12,2017-05-12,,
1141,Baseball,1,Sport,2,2017-05-13,2017-05-13,,
1142,Baseball,1,Sport,1,2017-05-14,2017-05-14,,
1143,Mother's Day,1,Public Holiday,,2017-05-14,2017-05-14,,
1144,Baseball,0,Sport,1,2017-05-16,2017-05-16,,
1145,Baseball,0,Sport,1,2017-05-18,2017-05-18,,
1146,Baseball,0,Sport,2,2017-05-18,2017-05-18,,
1147,Baseball,0,Sport,1,2017-05-19,2017-05-19,,
1148,Soccer,1,Sport,1,2017-05-20,2017-05-20,16:00:00,
1149,Baseball,1,Sport,2,2017-05-20,2017-05-20,,
1150,Project Pabst,1,Festival,,2017-05-20,2017-05-20,,
1151,Baseball,1,Sport,1,2017-05-21,2017-05-21,,
1152,Victoria Day,1,Public Holiday,,2017-05-22,2017-05-22,,
1153,Baseball,0,Sport,1,2017-05-22,2017-05-22,,
1154,Baseball,0,Sport,1,2017-05-23,2017-05-23,,
1155,Soccer,0,Sport,1,2017-05-23,2017-05-23,19:00:00,
1156,Baseball,0,Sport,1,2017-05-24,2017-05-24,,
1157,Baseball,0,Sport,2,2017-05-25,2017-05-25,,
1158,Baseball,0,Sport,1,2017-05-26,2017-05-26,,
1159,Baseball,1,Sport,2,2017-05-27,2017-05-27,,
1160,Soccer,1,Sport,2,2017-05-27,2017-05-27,16:00:00,
1161,Baseball,1,Sport,1,2017-05-28,2017-05-28,,
1162,Baseball,1,Sport,2,2017-05-29,2017-05-29,,
1163,Memorial Day,1,Public Holiday,,2017-05-29,2017-05-29,,
1164,Baseball,0,Sport,2,2017-05-30,2017-05-30,,
1165,Soccer,0,Sport,2,2017-05-30,2017-05-30,16:30:00,
1166,Baseball,0,Sport,2,2017-05-31,2017-05-31,,
1167,Tim McGraw & Faith Hill: Soul2Soul The World Tour,0,Concert,,2017-05-31,2017-05-31,19:30:00,23:00:00
1168,Baseball,0,Sport,1,2017-06-01,2017-06-01,,
1169,John Legend: Darkness and Light Tour,0,Concert,,2017-06-01,2017-06-01,20:00:00,23:00:00
1170,Baseball,0,Sport,2,2017-06-02,2017-06-02,,
1171,Soccer,1,Sport,1,2017-06-03,2017-06-03,14:30:00,
1172,Roger Waters at Pepsi Center,1,Concert,,2017-06-03,2017-06-03,,
1173,Baseball,1,Sport,1,2017-06-03,2017-06-03,,
1174,Roger Waters at Pepsi Center,1,Concert,,2017-06-04,2017-06-04,,
1175,Baseball,1,Sport,1,2017-06-04,2017-06-04,,
1176,Enrique Iglesias at Pepsi Center,0,Concert,,2017-06-06,2017-06-06,,
1177,Baseball,0,Sport,1,2017-06-06,2017-06-06,,
1178,Def Leppard,0,Concert,,2017-06-06,2017-06-06,19:00:00,23:00:00
1179,Baseball,0,Sport,1,2017-06-07,2017-06-07,,
1180,Baseball,0,Sport,1,2017-06-08,2017-06-08,,
1181,Baseball,0,Sport,1,2017-06-09,2017-06-09,,
1182,Greeley Blues Jam,0,Festival,,2017-06-09,2017-06-10,,
1183,Taste of Fort Collins,0,Festival,,2017-06-09,2017-06-11,,
1184,Future: Nobody Safe Tour,0,Concert,,2017-06-09,2017-06-09,19:00:00,23:00:00
1185,Baseball,1,Sport,1,2017-06-10,2017-06-10,,
1186,New Kids On The Block at Pepsi Center,1,Concert,,2017-06-10,2017-06-10,,
1187,Baseball,1,Sport,2,2017-06-11,2017-06-11,,
1188,Baseball,0,Sport,2,2017-06-12,2017-06-12,,
1189,Future at Pepsi Center,0,Concert,,2017-06-13,2017-06-13,,
1190,Baseball,0,Sport,2,2017-06-13,2017-06-13,,
1191,Baseball,0,Sport,1,2017-06-14,2017-06-14,,
1192,Tool,0,Concert,,2017-06-15,2017-06-15,20:00:00,23:00:00
1193,Telluride Bluegrass Festival,0,Festival,,2017-06-15,2017-06-18,,
1194,Country Jam,0,Festival,,2017-06-15,2017-06-18,,
1195,Baseball,0,Sport,1,2017-06-15,2017-06-15,,
1196,Sonic Bloom,0,Festival,,2017-06-15,2017-06-18,,
1197,Baseball,0,Sport,1,2017-06-16,2017-06-16,,
1198,Baseball,1,Sport,1,2017-06-17,2017-06-17,,
1199,Soccer,1,Sport,3,2017-06-17,2017-06-17,19:00:00,
1200,Baseball,1,Sport,1,2017-06-18,2017-06-18,,
1201,Father's Day,1,Public Holiday,,2017-06-18,2017-06-18,,
1202,Baseball,0,Sport,1,2017-06-20,2017-06-20,,
1203,Baseball,0,Sport,2,2017-06-21,2017-06-21,,
1204,Baseball,0,Sport,2,2017-06-22,2017-06-22,,
1205,TD Vancouver International Jazz Festival,0,Festival,,2017-06-22,2017-07-02,,
1206,Baseball,0,Sport,2,2017-06-23,2017-06-23,,
1207,Baseball,1,Sport,2,2017-06-24,2017-06-24,,
1208,Soccer,1,Sport,3,2017-06-24,2017-06-24,17:00:00,
1209,Westword Music Showcase,1,Festival,,2017-06-25,2017-06-25,,
1210,Baseball,1,Sport,2,2017-06-25,2017-06-25,,
1211,The Ataris at Pepsi Center,1,Concert,,2017-06-25,2017-06-25,,
1212,Vans Warped Tour,1,Festival,,2017-06-25,2017-06-25,,
1213,Baseball,0,Sport,2,2017-06-26,2017-06-26,,
1214,Baseball,0,Sport,2,2017-06-27,2017-06-27,,
1215,Baseball,0,Sport,2,2017-06-28,2017-06-28,,
1216,REO Speedwagon at Pepsi Center,0,Concert,,2017-06-29,2017-06-29,,
1217,Deftones at Pepsi Center,0,Concert,,2017-06-30,2017-06-30,,
1218,Baseball,0,Sport,1,2017-06-30,2017-06-30,,
1219,Canada Day,1,Public Holiday,,2017-07-01,2017-07-01,,
1220,Soccer,1,Sport,2,2017-07-01,2017-07-01,16:00:00,
1221,Baseball,1,Sport,2,2017-07-01,2017-07-01,,
1222,Queen + Adam Lambert,1,Concert,,2017-07-02,2017-07-02,20:00:00,23:00:00
1223,Baseball,1,Sport,2,2017-07-02,2017-07-02,,
1224,Baseball,0,Sport,1,2017-07-03,2017-07-03,,
1225,Independence Day,1,Public Holiday,,2017-07-04,2017-07-04,,
1226,Baseball,1,Sport,2,2017-07-04,2017-07-04,,
1227,CROMA Festival,0,Festival,,2017-07-05,2017-07-09,,
1228,Baseball,0,Sport,1,2017-07-05,2017-07-05,,
1229,Soccer,0,Sport,1,2017-07-05,2017-07-05,19:00:00,
1230,Baseball,0,Sport,2,2017-07-06,2017-07-06,,
1231,Queen at Pepsi Center,0,Concert,,2017-07-06,2017-07-06,,
1232,FVDED in the Park,0,Festival,,2017-07-07,2017-07-08,,
1233,Baseball,0,Sport,1,2017-07-07,2017-07-07,,
1234,Shawn Mendes: Illuminate World Tour,1,Concert,,2017-07-08,2017-07-08,19:30:00,23:00:00
1235,Ride Festival,1,Festival,,2017-07-08,2017-07-09,,
1236,Baseball,1,Sport,2,2017-07-08,2017-07-08,,
1237,Baseball,1,Sport,1,2017-07-09,2017-07-09,,
1238,Vancouver Folk Music Festival,0,Festival,,2017-07-13,2017-07-16,,
1239,Baseball,0,Sport,2,2017-07-14,2017-07-14,,
1240,Baseball,1,Sport,2,2017-07-15,2017-07-15,,
1241,Brad Paisley at Pepsi Center,1,Concert,,2017-07-15,2017-07-15,,
1242,Baseball,1,Sport,1,2017-07-16,2017-07-16,,
1243,Matchbox Twenty & Counting Crows,1,Concert,,2017-07-16,2017-07-16,20:00:00,23:00:00
1244,Shawn Mendes at Pepsi Center,0,Concert,,2017-07-17,2017-07-17,,
1245,Baseball,0,Sport,1,2017-07-17,2017-07-17,,
1246,Baseball,0,Sport,1,2017-07-18,2017-07-18,,
1247,Baseball,0,Sport,1,2017-07-19,2017-07-19,,
1248,John Mayer at Pepsi Center,0,Concert,,2017-07-19,2017-07-19,,
1249,J.Cole - 4 Your Eyez Only,0,Concert,,2017-07-19,2017-07-19,20:00:00,23:00:00
1250,Soccer,0,Sport,1,2017-07-19,2017-07-19,19:30:00,
1251,Earth Wind and Fire at Pepsi Center,0,Concert,,2017-07-20,2017-07-20,,
1252,Neil Diamond at Pepsi Center,0,Concert,,2017-07-21,2017-07-21,,
1253,Baseball,0,Sport,2,2017-07-21,2017-07-21,,
1254,Baseball,1,Sport,1,2017-07-22,2017-07-22,,
1255,Baseball,1,Sport,1,2017-07-23,2017-07-23,,
1256,Soccer,1,Sport,2,2017-07-23,2017-07-23,15:30:00,
1257,Baseball,0,Sport,2,2017-07-24,2017-07-24,,
1258,Neil Diamond: 50th Anniversary Tour,0,Concert,,2017-07-24,2017-07-24,20:00:00,23:00:00
1259,Bob Dylan & His Band,0,Concert,,2017-07-25,2017-07-25,20:00:00,23:00:00
1260,Baseball,0,Sport,2,2017-07-25,2017-07-25,,
1261,Bruno Mars: 24K Magic World Tour,0,Concert,,2017-07-26,2017-07-26,20:00:00,23:00:00
1262,Baseball,0,Sport,2,2017-07-26,2017-07-26,,
1263,Bruno Mars: 24K Magic World Tour,0,Concert,,2017-07-27,2017-07-27,20:00:00,23:00:00
1264,Underground Music Showcase,0,Festival,,2017-07-27,2017-07-30,,
1265,RockyGrass,0,Festival,,2017-07-28,2017-07-30,,
1266,Ed Sheeran,0,Concert,,2017-07-28,2017-07-28,19:30:00,23:00:00
1267,Kendrick Lamar at Pepsi Center,1,Concert,,2017-07-29,2017-07-29,,
1268,Baseball,1,Sport,1,2017-07-29,2017-07-29,,
1269,Soccer,1,Sport,1,2017-07-29,2017-07-29,17:00:00,
1270,Baseball,1,Sport,2,2017-07-30,2017-07-30,,
1271,Baseball,1,Sport,1,2017-07-30,2017-07-30,,
1272,Tim McGraw at Pepsi Center,0,Concert,,2017-07-31,2017-07-31,,
1273,Lady Gaga: Joanne World Tour,0,Concert,,2017-08-01,2017-08-01,20:30:00,23:00:00
1274,Baseball,0,Sport,1,2017-08-01,2017-08-01,,
1275,Tim McGraw at Pepsi Center,0,Concert,,2017-08-01,2017-08-01,,
1276,Baseball,0,Sport,2,2017-08-02,2017-08-02,,
1277,Kendrick Lamar: The DAMN. Tour,0,Concert,,2017-08-02,2017-08-02,19:30:00,23:00:00
1278,Baseball,0,Sport,1,2017-08-03,2017-08-03,,
1279,Merritt Rockin' River Fest,0,Festival,,2017-08-03,2017-08-06,,
1280,ARISE Music Festival,0,Festival,,2017-08-04,2017-08-06,,
1281,Baseball,0,Sport,1,2017-08-04,2017-08-04,,
1282,Soccer,1,Sport,3,2017-08-05,2017-08-05,19:00:00,
1283,Baseball,1,Sport,1,2017-08-05,2017-08-05,,
1284,Baseball,1,Sport,2,2017-08-06,2017-08-06,,
1285,Civic Holiday,1,Public Holiday,,2017-08-07,2017-08-07,,
1286,Baseball,0,Sport,2,2017-08-08,2017-08-08,,
1287,Baseball,0,Sport,1,2017-08-09,2017-08-09,,
1288,Velorama Colorado,0,Festival,,2017-08-11,2017-08-13,,
1289,Bohemian Nights,0,Festival,,2017-08-11,2017-08-13,,
1290,Baseball,0,Sport,2,2017-08-11,2017-08-11,,
1291,Baseball,1,Sport,2,2017-08-12,2017-08-12,,
1292,Soccer,1,Sport,2,2017-08-12,2017-08-12,17:00:00,
1293,Kaleidoscope Arts Festival,1,Festival,,2017-08-12,2017-08-12,,
1294,Burnaby Blues and Roots Festival,1,Festival,,2017-08-12,2017-08-12,,
1295,Banda MS at Pepsi Center,1,Concert,,2017-08-12,2017-08-12,,
1296,Baseball,1,Sport,2,2017-08-13,2017-08-13,,
1297,Baseball,0,Sport,1,2017-08-14,2017-08-14,,
1298,Metallica WorldWired Tour,0,Festival,,2017-08-14,2017-08-14,,
1299,Ed Sheeran at Pepsi Center,0,Concert,,2017-08-15,2017-08-15,,
1300,Baseball,0,Sport,2,2017-08-15,2017-08-15,,
1301,Baseball,0,Sport,1,2017-08-16,2017-08-16,,
1302,Baseball,0,Sport,2,2017-08-17,2017-08-17,,
1303,Tom Petty and the Heartbreakers,0,Concert,,2017-08-17,2017-08-17,19:30:00,23:00:00
1304,Zac Brown Band,0,Concert,,2017-08-18,2017-08-18,19:00:00,23:00:00
1305,Baseball,0,Sport,1,2017-08-18,2017-08-18,,
1306,Rocky Mountain Folks Festival,0,Festival,,2017-08-18,2017-08-20,,
1307,Soccer,1,Sport,1,2017-08-19,2017-08-19,19:00:00,
1308,Baseball,1,Sport,2,2017-08-19,2017-08-19,,
1309,Baseball,1,Sport,2,2017-08-20,2017-08-20,,
1310,One Republic,0,Concert,,2017-08-21,2017-08-21,19:00:00,22:00:00
1311,Baseball,0,Sport,2,2017-08-22,2017-08-22,,
1312,Baseball,0,Sport,2,2017-08-23,2017-08-23,,
1313,Soccer,0,Sport,3,2017-08-23,2017-08-23,19:00:00,
1314,Baseball,0,Sport,1,2017-08-24,2017-08-24,,
1315,Baseball,0,Sport,2,2017-08-25,2017-08-25,,
1316,Depeche Mode at Pepsi Center,0,Concert,,2017-08-25,2017-08-25,,
1317,Baseball,1,Sport,1,2017-08-26,2017-08-26,,
1318,Soccer,1,Sport,1,2017-08-26,2017-08-26,16:30:00,
1319,Baseball,1,Sport,1,2017-08-27,2017-08-27,,
1320,Linkin Park at Pepsi Center,0,Concert,,2017-08-28,2017-08-28,,
1321,Baseball,0,Sport,2,2017-08-28,2017-08-28,,
1322,Lionel Richie at Pepsi Center,0,Concert,,2017-08-29,2017-08-29,,
1323,Baseball,0,Sport,1,2017-08-29,2017-08-29,,
1324,Baseball,0,Sport,2,2017-08-30,2017-08-30,,
1325,Jazz Aspen Snowmass,0,Festival,,2017-09-01,2017-09-03,,
1326,Baseball,0,Sport,2,2017-09-01,2017-09-01,,
1327,Guns N Roses Not In This Lifetime Tour,0,Festival,,2017-09-01,2017-09-01,,
1328,Baseball,1,Sport,2,2017-09-02,2017-09-02,,
1329,Baseball,1,Sport,2,2017-09-03,2017-09-03,,
1330,Lionel Richie & Mariah Carey,1,Concert,,2017-09-03,2017-09-03,18:00:00,22:00:00
1331,Labour Day,1,Public Holiday,,2017-09-04,2017-09-04,,
1332,Labor Day,1,Public Holiday,,2017-09-04,2017-09-04,,
1333,Baseball,1,Sport,1,2017-09-04,2017-09-04,,
1334,Baseball,0,Sport,1,2017-09-05,2017-09-05,,
1335,Baseball,0,Sport,2,2017-09-06,2017-09-06,,
1336,Baseball,0,Sport,1,2017-09-07,2017-09-07,,
1337,Baseball,0,Sport,1,2017-09-08,2017-09-08,,
1338,Soccer,1,Sport,1,2017-09-09,2017-09-09,19:00:00,
1339,Baseball,1,Sport,1,2017-09-09,2017-09-09,,
1340,Baseball,1,Sport,1,2017-09-10,2017-09-10,,
1341,Football,0,Sport,1,2017-09-11,2017-09-11,22:20:00,
1342,Baseball,0,Sport,1,2017-09-11,2017-09-11,,
1343,Baseball,0,Sport,1,2017-09-12,2017-09-12,,
1344,Baseball,0,Sport,2,2017-09-13,2017-09-13,,
1345,Soccer,0,Sport,1,2017-09-13,2017-09-13,19:00:00,
1346,Baseball,0,Sport,2,2017-09-14,2017-09-14,,
1347,Baseball,0,Sport,1,2017-09-15,2017-09-15,,
1348,Jason Aldean at Pepsi Center,0,Concert,,2017-09-15,2017-09-15,,
1349,Hockey,1,Sport,1,2017-09-16,2017-09-16,17:00:00,
1350,Soccer,1,Sport,3,2017-09-16,2017-09-16,16:00:00,
1351,Baseball,1,Sport,1,2017-09-16,2017-09-16,,
1352,Telluride Blues & Brews,1,Festival,,2017-09-17,2017-09-19,,
1353,Hockey,1,Sport,2,2017-09-17,2017-09-17,17:00:00,
1354,Football,1,Sport,1,2017-09-17,2017-09-17,16:25:00,
1355,Baseball,1,Sport,2,2017-09-17,2017-09-17,,
1356,Baseball,0,Sport,2,2017-09-19,2017-09-19,,
1357,Baseball,0,Sport,2,2017-09-20,2017-09-20,,
1358,Hockey,0,Sport,1,2017-09-20,2017-09-20,21:00:00,
1359,Baseball,0,Sport,2,2017-09-21,2017-09-21,,
1360,Hockey,0,Sport,2,2017-09-21,2017-09-21,7:30:00,
1361,Baseball,0,Sport,1,2017-09-22,2017-09-22,,
1362,Marco Antonio Solis at Pepsi Center,0,Concert,,2017-09-22,2017-09-22,,
1363,Hockey,0,Sport,2,2017-09-22,2017-09-22,21:00:00,
1364,Hockey,1,Sport,2,2017-09-23,2017-09-23,3:30:00,
1365,Baseball,1,Sport,2,2017-09-23,2017-09-23,,
1366,Soccer,1,Sport,1,2017-09-23,2017-09-23,19:00:00,
1367,Baseball,1,Sport,1,2017-09-24,2017-09-24,,
1368,Football,1,Sport,2,2017-09-24,2017-09-24,13:00:00,
1369,Baseball,0,Sport,2,2017-09-25,2017-09-25,,
1370,Janet Jackson: State of the World Tour,0,Concert,,2017-09-26,2017-09-26,20:00:00,23:00:00
1371,Baseball,0,Sport,1,2017-09-26,2017-09-26,,
1372,Baseball,0,Sport,1,2017-09-27,2017-09-27,,
1373,Soccer,0,Sport,2,2017-09-27,2017-09-27,19:30:00,
1374,Hockey,0,Sport,1,2017-09-28,2017-09-28,22:00:00,
1375,Miranda Lambert: Highway Vagabond Tour,0,Concert,,2017-09-29,2017-09-29,19:00:00,23:00:00
1376,Baseball,0,Sport,1,2017-09-29,2017-09-29,,
1377,The Weeknd at Pepsi Center,0,Concert,,2017-09-29,2017-09-29,,
1378,Hockey,1,Sport,1,2017-09-30,2017-09-30,22:00:00,
1379,Florida Georgia Line at Pepsi Center,1,Concert,,2017-09-30,2017-09-30,,
1380,Soccer,1,Sport,1,2017-09-30,2017-09-30,18:00:00,
1381,Baseball,1,Sport,2,2017-09-30,2017-09-30,,
1382,Nickelback: Feed The Machine Tour,1,Concert,,2017-10-01,2017-10-01,18:15:00,22:00:00
1383,Baseball,1,Sport,2,2017-10-01,2017-10-01,,
1384,Football,1,Sport,1,2017-10-01,2017-10-01,16:25:00,
1385,Matchbox Twenty at Pepsi Center,0,Concert,,2017-10-04,2017-10-04,,
1386,Baseball,0,Sport,2,2017-10-04,2017-10-04,,
1387,The Weeknd: Starboy World Tour Phase Two,0,Concert,,2017-10-05,2017-10-05,19:30:00,23:00:00
1388,Soccer,1,Sport,2,2017-10-07,2017-10-07,14:00:00,
1389,Hockey,1,Sport,1,2017-10-07,2017-10-07,22:00:00,
1390,Imagine Dragons: Evolve Tour,1,Concert,,2017-10-08,2017-10-08,19:30:00,23:00:00
1391,Columbus Day,1,Public Holiday,,2017-10-09,2017-10-09,,
1392,Thanksgiving,1,Public Holiday,,2017-10-09,2017-10-09,,
1393,Hockey,0,Sport,2,2017-10-10,2017-10-10,22:00:00,
1394,Kings of Leon: Walls Tour,0,Concert,,2017-10-11,2017-10-11,19:30:00,23:00:00
1395,Hockey,0,Sport,2,2017-10-12,2017-10-12,22:00:00,
1396,Jimmy Buffett & The Coral Reefer Band,0,Concert,,2017-10-13,2017-10-13,20:00:00,23:00:00
1397,Hockey,1,Sport,2,2017-10-14,2017-10-14,22:00:00,
1398,Imagine Dragons at Pepsi Center,1,Concert,,2017-10-14,2017-10-14,,
1399,Soccer,1,Sport,3,2017-10-15,2017-10-15,16:30:00,
1400,Football,1,Sport,2,2017-10-15,2017-10-15,20:30:00,
1401,Red Hot Chili Peppers at Pepsi Center,0,Concert,,2017-10-16,2017-10-16,,
1402,Janet Jackson at Pepsi Center,0,Concert,,2017-10-17,2017-10-17,,
1403,Hockey,0,Sport,1,2017-10-17,2017-10-17,19:30:00,
1404,Shakedown Street at Pepsi Center,0,Concert,,2017-10-19,2017-10-19,,
1405,Hockey,0,Sport,2,2017-10-19,2017-10-19,19:00:00,
1406,Hockey,0,Sport,1,2017-10-20,2017-10-20,19:00:00,
1407,David Foster Foundation: Miracle Gala,1,Concert,,2017-10-21,2017-10-21,21:00:00,23:00:00
1408,Football,1,Sport,2,2017-10-22,2017-10-22,16:25:00,
1409,Hockey,1,Sport,1,2017-10-22,2017-10-22,19:00:00,
1410,Soccer,1,Sport,2,2017-10-22,2017-10-22,13:00:00,
1411,Hockey,0,Sport,1,2017-10-24,2017-10-24,20:00:00,
1412,Depeche Mode: Global Spirit Tour,0,Concert,,2017-10-25,2017-10-25,19:30:00,23:00:00
1413,Soccer,0,Sport,1,2017-10-25,2017-10-25,19:30:00,
1414,Arcade Fire at Pepsi Center,0,Concert,,2017-10-25,2017-10-25,,
1415,Hockey,0,Sport,1,2017-10-26,2017-10-26,22:00:00,
1416,Bob Seger and The Silver Bullet Band at Pepsi Center,0,Concert,,2017-10-26,2017-10-26,,
1417,Roger Waters: Us + Them Tour,1,Concert,,2017-10-28,2017-10-28,20:00:00,23:00:00
1418,Soccer,1,Sport,3,2017-10-29,2017-10-29,17:30:00,
1419,Roger Waters: Us + Them Tour,1,Concert,,2017-10-29,2017-10-29,20:00:00,23:00:00
1420,Halsey at Pepsi Center,1,Concert,,2017-10-29,2017-10-29,,
1421,Bruno Mars at Pepsi Center,0,Concert,,2017-10-30,2017-10-30,,
1422,Hockey,0,Sport,2,2017-10-30,2017-10-30,22:00:00,
1423,Football,0,Sport,2,2017-10-30,2017-10-30,20:30:00,
1424,Halloween,1,Public Holiday,,2017-10-31,2017-10-31,,
1425,Hockey,0,Sport,2,2017-11-01,2017-11-01,22:00:00,
1426,Soccer,0,Sport,2,2017-11-02,2017-11-02,19:30:00,
1427,Hockey,1,Sport,1,2017-11-04,2017-11-04,22:00:00,
1428,Football,1,Sport,2,2017-11-05,2017-11-05,13:00:00,
1429,Jay-Z at Pepsi Center,1,Concert,,2017-11-05,2017-11-05,,
1430,Hockey,0,Sport,2,2017-11-06,2017-11-06,22:00:00,
1431,Hockey,0,Sport,1,2017-11-07,2017-11-07,21:00:00,
1432,Mayday [LIFE] World Tour,0,Concert,,2017-11-08,2017-11-08,20:00:00,22:00:00
1433,Hockey,0,Sport,2,2017-11-09,2017-11-09,22:00:00,
1434,Veterans Day observed,1,Public Holiday,,2017-11-10,2017-11-10,,
1435,Fall Out Boy at Pepsi Center,1,Concert,,2017-11-10,2017-11-10,,
1436,Hockey,1,Sport,2,2017-11-11,2017-11-11,22:00:00,
1437,Remembrance Day,1,Public Holiday,,2017-11-11,2017-11-11,,
1438,Halsey: hopeless fountain kingdom,1,Concert,,2017-11-11,2017-11-11,19:00:00,23:00:00
1439,Veterans Day,1,Public Holiday,,2017-11-11,2017-11-11,,
1440,Football,1,Sport,2,2017-11-12,2017-11-12,20:30:00,
1441,Hockey,0,Sport,1,2017-11-14,2017-11-14,22:30:00,
1442,Hockey,0,Sport,2,2017-11-16,2017-11-16,22:00:00,
1443,Trans-Siberian Orchestra at Pepsi Center,1,Concert,,2017-11-18,2017-11-18,,
1444,Hockey,1,Sport,2,2017-11-18,2017-11-18,22:00:00,
1445,Football,1,Sport,2,2017-11-19,2017-11-19,16:25:00,
1446,Hockey,0,Sport,1,2017-11-21,2017-11-21,19:00:00,
1447,Hockey,0,Sport,1,2017-11-22,2017-11-22,19:00:00,
1448,Thanksgiving Day,1,Public Holiday,,2017-11-23,2017-11-23,,
1449,Hockey,0,Sport,2,2017-11-24,2017-11-24,19:00:00,
1450,Hockey,1,Sport,2,2017-11-26,2017-11-26,14:00:00,
1451,Katy Perry at Pepsi Center,1,Concert,,2017-11-26,2017-11-26,,
1452,Football,1,Sport,2,2017-11-26,2017-11-26,16:25:00,
1453,Hockey,0,Sport,2,2017-11-28,2017-11-28,19:00:00,
1454,Hockey,0,Sport,1,2017-11-30,2017-11-30,20:00:00,
1455,Hockey,1,Sport,1,2017-12-02,2017-12-02,19:00:00,
1456,Football,1,Sport,2,2017-12-03,2017-12-03,13:00:00,
1457,Hockey,0,Sport,1,2017-12-05,2017-12-05,22:00:00,
1458,Hockey,0,Sport,2,2017-12-07,2017-12-07,22:00:00,
1459,Hockey,1,Sport,2,2017-12-09,2017-12-09,22:00:00,
1460,Football,1,Sport,1,2017-12-10,2017-12-10,16:05:00,
1461,Jay-Z: 4:44 Tour,0,Concert,,2017-12-11,2017-12-11,20:00:00,22:00:00
1462,Hockey,0,Sport,2,2017-12-11,2017-12-11,20:00:00,
1463,Lady Gaga at Pepsi Center,0,Concert,,2017-12-12,2017-12-12,,
1464,Hockey,0,Sport,2,2017-12-13,2017-12-13,22:00:00,
1465,Football,0,Sport,1,2017-12-14,2017-12-14,20:25:00,
1466,Hockey,0,Sport,1,2017-12-15,2017-12-15,22:00:00,
1467,Hockey,1,Sport,2,2017-12-17,2017-12-17,20:00:00,
1468,Hockey,0,Sport,2,2017-12-19,2017-12-19,22:00:00,
1469,Hockey,0,Sport,2,2017-12-21,2017-12-21,22:30:00,
1470,Hockey,1,Sport,2,2017-12-23,2017-12-23,22:00:00,
1471,Football,1,Sport,2,2017-12-24,2017-12-24,13:00:00,
1472,Christmas Day,1,Public Holiday,,2017-12-25,2017-12-25,,
1473,Christmas Day,1,Public Holiday,,2017-12-25,2017-12-25,,
1474,Boxing Day,1,Public Holiday,,2017-12-26,2017-12-26,,
1475,Hockey,0,Sport,1,2017-12-28,2017-12-28,22:00:00,
1476,Hockey,1,Sport,2,2017-12-30,2017-12-30,22:00:00,
1477,Football,1,Sport,2,2017-12-31,2017-12-31,16:25:00,
1478,Hockey,0,Sport,2,2018-01-02,2018-01-02,22:00:00,
1479,Hockey,1,Sport,2,2018-01-06,2018-01-06,19:00:00,
1480,Hockey,1,Sport,2,2018-01-07,2018-01-07,19:00:00,
1481,Hockey,0,Sport,2,2018-01-09,2018-01-09,19:00:00,
1482,Hockey,0,Sport,1,2018-01-12,2018-01-12,19:00:00,
1483,Hockey,1,Sport,1,2018-01-14,2018-01-14,20:00:00,
1484,Hockey,1,Sport,2,2018-01-20,2018-01-20,22:00:00,
1485,Hockey,1,Sport,2,2018-01-21,2018-01-21,20:00:00,
1486,Hockey,0,Sport,1,2018-01-23,2018-01-23,22:00:00,
1487,Hockey,0,Sport,2,2018-01-25,2018-01-25,22:00:00,
1488,Hockey,0,Sport,1,2018-01-30,2018-01-30,22:00:00,
1489,Hockey,0,Sport,1,2018-02-01,2018-02-01,22:00:00,
1490,Hockey,1,Sport,2,2018-02-03,2018-02-03,22:00:00,
1491,Hockey,0,Sport,2,2018-02-06,2018-02-06,19:30:00,
1492,Hockey,0,Sport,2,2018-02-08,2018-02-08,19:30:00,
1493,Hockey,0,Sport,2,2018-02-09,2018-02-09,19:30:00,
1494,Hockey,1,Sport,1,2018-02-11,2018-02-11,16:00:00,
1495,Hockey,0,Sport,2,2018-02-14,2018-02-14,22:00:00,
1496,Hockey,0,Sport,2,2018-02-15,2018-02-15,22:30:00,
1497,Hockey,1,Sport,1,2018-02-17,2018-02-17,22:00:00,
1498,Hockey,0,Sport,2,2018-02-20,2018-02-20,22:00:00,
1499,Hockey,0,Sport,2,2018-02-23,2018-02-23,22:30:00,
1500,Hockey,1,Sport,1,2018-02-25,2018-02-25,21:30:00,
1501,Hockey,0,Sport,2,2018-02-26,2018-02-26,21:00:00,
1502,Hockey,0,Sport,2,2018-02-28,2018-02-28,22:00:00,
1503,Hockey,0,Sport,2,2018-03-02,2018-03-02,22:00:00,
1504,Hockey,0,Sport,1,2018-03-05,2018-03-05,22:00:00,
1505,Hockey,0,Sport,2,2018-03-07,2018-03-07,22:00:00,
1506,Hockey,0,Sport,2,2018-03-09,2018-03-09,22:00:00,
1507,Hockey,1,Sport,2,2018-03-11,2018-03-11,21:00:00,
1508,Hockey,0,Sport,2,2018-03-12,2018-03-12,22:30:00,
1509,Hockey,0,Sport,2,2018-03-14,2018-03-14,22:00:00,
1510,Hockey,1,Sport,2,2018-03-17,2018-03-17,22:00:00,
1511,Hockey,0,Sport,2,2018-03-20,2018-03-20,22:00:00,
1512,Hockey,0,Sport,1,2018-03-22,2018-03-22,20:30:00,
1513,Hockey,0,Sport,2,2018-03-23,2018-03-23,20:00:00,
1514,Hockey,1,Sport,1,2018-03-25,2018-03-25,19:00:00,
1515,Hockey,0,Sport,1,2018-03-27,2018-03-27,22:00:00,
1516,Hockey,0,Sport,1,2018-03-29,2018-03-29,22:00:00,
1517,Hockey,1,Sport,1,2018-03-31,2018-03-31,16:00:00,
1518,Hockey,0,Sport,2,2018-04-03,2018-04-03,22:00:00,
1519,Hockey,0,Sport,1,2018-04-05,2018-04-05,22:00:00,
1520,Hockey,1,Sport,2,2018-04-07,2018-04-07,22:00:00,
